datetime,cloud_frac,obscured_frac,cloud_base_m,n_minutes
2022-11-01 00:00:00,0.0,0.0,,360
2022-11-01 06:00:00,0.044,0.0,8340.0,360
2022-11-01 12:00:00,0.258,0.0,8470.0,360
2022-11-01 18:00:00,0.628,0.0,5745.0,360
2022-11-02 00:00:00,0.728,0.0,3520.0,360
2022-11-02 06:00:00,0.578,0.0,4810.0,360
2022-11-02 12:00:00,0.181,0.0,7270.0,360
2022-11-02 18:00:00,0.147,0.0,2620.0,360
2022-11-03 00:00:00,0.603,0.0,4460.0,360
2022-11-03 06:00:00,1.0,0.125,550.0,360
2022-11-03 12:00:00,0.989,0.061,900.0,360
2022-11-03 18:00:00,0.989,0.081,690.0,360
2022-11-04 00:00:00,0.936,0.05,1040.0,360
2022-11-04 06:00:00,0.961,0.0,1380.0,360
2022-11-04 12:00:00,0.678,0.047,1270.0,360
2022-11-04 18:00:00,0.311,0.003,1095.0,360
2022-11-05 00:00:00,1.0,0.0,1000.0,360
2022-11-05 06:00:00,1.0,0.014,915.0,360
2022-11-05 12:00:00,1.0,0.003,740.0,360
2022-11-05 18:00:00,1.0,0.006,870.0,360
2022-11-06 00:00:00,1.0,0.053,920.0,360
2022-11-06 06:00:00,0.828,0.0,1100.0,301
2022-11-06 12:00:00,1.0,0.0,1050.0,360
2022-11-06 18:00:00,1.0,0.0,730.0,360
2022-11-07 00:00:00,0.228,0.0,1925.0,360
2022-11-07 06:00:00,0.936,0.0,1980.0,360
2022-11-07 12:00:00,0.553,0.0,2020.0,360
2022-11-07 18:00:00,0.219,0.0,2430.0,360
2022-11-08 00:00:00,0.928,0.0,7830.0,360
2022-11-08 06:00:00,0.283,0.0,8575.0,360
2022-11-08 12:00:00,0.169,0.0,8100.0,360
2022-11-08 18:00:00,0.0,0.0,,360
2022-11-09 00:00:00,0.0,0.0,,360
2022-11-09 06:00:00,0.519,0.0,9360.0,360
2022-11-09 12:00:00,0.833,0.0,7715.0,360
2022-11-09 18:00:00,0.464,0.019,2490.0,360
2022-11-10 00:00:00,1.0,0.567,490.0,360
2022-11-10 06:00:00,1.0,0.1,540.0,360
2022-11-10 12:00:00,0.778,0.111,670.0,360
2022-11-10 18:00:00,0.778,0.003,1135.0,360
2022-11-11 00:00:00,0.831,0.017,1110.0,360
2022-11-11 06:00:00,0.0,0.0,,360
2022-11-11 12:00:00,0.0,0.0,,360
2022-11-11 18:00:00,0.0,0.0,,360
2022-11-12 00:00:00,0.0,0.0,,360
2022-11-12 06:00:00,0.031,0.0,7840.0,360
2022-11-12 12:00:00,0.672,0.0,6000.0,360
2022-11-12 18:00:00,0.892,0.0,5500.0,360
2022-11-13 00:00:00,0.256,0.0,5135.0,360
2022-11-13 06:00:00,0.0,0.0,,360
2022-11-13 12:00:00,0.597,0.0,4750.0,360
2022-11-13 18:00:00,0.583,0.0,2050.0,360
2022-11-14 00:00:00,0.172,0.0,1405.0,360
2022-11-14 06:00:00,0.0,0.0,,360
2022-11-14 12:00:00,0.758,0.025,1040.0,360
2022-11-14 18:00:00,0.869,0.0,1150.0,360
2022-11-15 00:00:00,0.983,0.006,1010.0,360
2022-11-15 06:00:00,0.961,0.0,1130.0,360
2022-11-15 12:00:00,0.719,0.003,1310.0,360
2022-11-15 18:00:00,0.756,0.0,1580.0,360
2022-11-16 00:00:00,0.0,0.0,,360
2022-11-16 06:00:00,0.203,0.0,4740.0,360
2022-11-16 12:00:00,0.853,0.0,900.0,360
2022-11-16 18:00:00,0.072,0.0,1110.0,360
2022-11-17 00:00:00,0.0,0.0,,360
2022-11-17 06:00:00,0.314,0.0,5790.0,360
2022-11-17 12:00:00,0.0,0.0,,360
2022-11-17 18:00:00,0.0,0.0,,360
2022-11-18 00:00:00,0.742,0.0,4830.0,360
2022-11-18 06:00:00,1.0,0.022,3025.0,360
2022-11-18 12:00:00,0.997,0.069,1320.0,360
2022-11-18 18:00:00,0.544,0.003,1230.0,360
2022-11-19 00:00:00,0.0,0.0,,360
2022-11-19 06:00:00,0.0,0.0,,360
2022-11-19 12:00:00,0.003,0.0,8330.0,360
2022-11-19 18:00:00,0.0,0.0,,360
2022-11-20 00:00:00,0.0,0.0,,360
2022-11-20 06:00:00,0.0,0.0,,360
2022-11-20 12:00:00,0.0,0.0,,360
2022-11-20 18:00:00,0.006,0.0,8380.0,360
2022-11-21 00:00:00,0.0,0.0,,360
2022-11-21 06:00:00,0.0,0.0,,360
2022-11-21 12:00:00,0.0,0.0,,360
2022-11-21 18:00:00,0.506,0.0,8260.0,360
2022-11-22 00:00:00,0.706,0.0,7090.0,360
2022-11-22 06:00:00,0.036,0.0,5050.0,360
2022-11-22 12:00:00,0.558,0.0,7560.0,360
2022-11-22 18:00:00,0.675,0.003,6920.0,360
2022-11-23 00:00:00,0.2,0.0,7185.0,360
2022-11-23 06:00:00,0.0,0.0,,360
2022-11-23 12:00:00,0.1,0.0,4530.0,360
2022-11-23 18:00:00,0.928,0.0,2370.0,360
2022-11-24 00:00:00,1.0,0.058,990.0,360
2022-11-24 06:00:00,0.992,0.0,940.0,360
2022-11-24 12:00:00,0.456,0.0,580.0,360
2022-11-24 18:00:00,0.0,0.0,,360
2022-11-25 00:00:00,0.15,0.0,8335.0,360
2022-11-25 06:00:00,0.372,0.0,8485.0,360
2022-11-25 12:00:00,0.283,0.0,8140.0,360
2022-11-25 18:00:00,0.003,0.0,7410.0,360
2022-11-26 00:00:00,0.003,0.0,8400.0,360
2022-11-26 06:00:00,0.0,0.0,,360
2022-11-26 12:00:00,0.175,0.0,7690.0,360
2022-11-26 18:00:00,0.772,0.0,5675.0,360
2022-11-27 00:00:00,1.0,0.031,2005.0,360
2022-11-27 06:00:00,1.0,0.189,1155.0,360
2022-11-27 12:00:00,0.906,0.0,1080.0,360
2022-11-27 18:00:00,0.697,0.0,3160.0,360
2022-11-28 00:00:00,1.0,0.0,1860.0,360
2022-11-28 06:00:00,0.672,0.0,1900.0,360
2022-11-28 12:00:00,0.978,0.0,1970.0,360
2022-11-28 18:00:00,1.0,0.0,2140.0,360
2022-11-29 00:00:00,1.0,0.272,140.0,360
2022-11-29 06:00:00,1.0,0.181,165.0,360
2022-11-29 12:00:00,1.0,0.408,320.0,360
2022-11-29 18:00:00,0.953,0.147,290.0,360
2022-11-30 00:00:00,0.103,0.0,960.0,360
2022-11-30 06:00:00,0.553,0.0,1470.0,360
2022-11-30 12:00:00,0.0,0.0,,360
2022-11-30 18:00:00,0.0,0.0,,290
2022-12-01 00:00:00,0.0,0.0,,360
2022-12-01 06:00:00,0.483,0.0,1550.0,360
2022-12-01 12:00:00,0.003,0.0,8270.0,360
2022-12-01 18:00:00,0.336,0.0,4700.0,360
2022-12-02 00:00:00,1.0,0.0,2135.0,360
2022-12-02 06:00:00,1.0,0.153,1315.0,360
2022-12-02 12:00:00,1.0,0.381,325.0,360
2022-12-02 18:00:00,1.0,0.094,340.0,360
2022-12-03 00:00:00,0.728,0.0,1300.0,360
2022-12-03 06:00:00,0.764,0.0,4320.0,360
2022-12-03 12:00:00,1.0,0.044,2275.0,360
2022-12-03 18:00:00,1.0,0.056,1060.0,360
2022-12-04 00:00:00,1.0,0.0,1065.0,360
2022-12-04 06:00:00,1.0,0.0,1210.0,360
2022-12-04 12:00:00,0.839,0.0,7740.0,360
2022-12-04 18:00:00,0.958,0.0,1360.0,360
2022-12-05 00:00:00,0.992,0.006,1440.0,360
2022-12-05 06:00:00,0.997,0.036,1040.0,360
2022-12-05 12:00:00,1.0,0.078,920.0,360
2022-12-05 18:00:00,1.0,0.003,1230.0,360
2022-12-06 00:00:00,1.0,0.0,1390.0,360
2022-12-06 06:00:00,1.0,0.131,620.0,360
2022-12-06 12:00:00,1.0,0.392,130.0,360
2022-12-06 18:00:00,1.0,0.053,715.0,360
2022-12-07 00:00:00,1.0,0.389,615.0,360
2022-12-07 06:00:00,1.0,0.258,515.0,360
2022-12-07 12:00:00,0.264,0.025,1100.0,95
2022-12-07 18:00:00,,,,0
2022-12-08 00:00:00,0.644,0.003,880.0,232
2022-12-08 06:00:00,1.0,0.203,580.0,360
2022-12-08 12:00:00,1.0,0.133,575.0,360
2022-12-08 18:00:00,0.244,0.003,735.0,360
2022-12-09 00:00:00,0.0,0.0,,360
2022-12-09 06:00:00,0.028,0.0,4160.0,360
2022-12-09 12:00:00,0.911,0.0,3240.0,360
2022-12-09 18:00:00,0.572,0.014,1000.0,360
2022-12-10 00:00:00,0.017,0.0,1255.0,360
2022-12-10 06:00:00,0.0,0.0,,360
2022-12-10 12:00:00,0.0,0.0,,360
2022-12-10 18:00:00,0.278,0.0,7970.0,360
2022-12-11 00:00:00,0.617,0.0,3305.0,360
2022-12-11 06:00:00,0.108,0.0,3100.0,360
2022-12-11 12:00:00,0.303,0.0,3570.0,360
2022-12-11 18:00:00,0.231,0.0,6240.0,360
2022-12-12 00:00:00,1.0,0.0,4510.0,360
2022-12-12 06:00:00,1.0,0.0,3300.0,360
2022-12-12 12:00:00,1.0,0.0,1280.0,360
2022-12-12 18:00:00,1.0,0.006,1260.0,360
2022-12-13 00:00:00,1.0,0.175,640.0,360
2022-12-13 06:00:00,1.0,0.139,600.0,360
2022-12-13 12:00:00,1.0,0.05,600.0,360
2022-12-13 18:00:00,1.0,0.05,865.0,360
2022-12-14 00:00:00,1.0,0.067,410.0,360
2022-12-14 06:00:00,1.0,0.025,530.0,360
2022-12-14 12:00:00,1.0,0.003,920.0,360
2022-12-14 18:00:00,1.0,0.0,920.0,360
2022-12-15 00:00:00,,,,0
2022-12-15 06:00:00,,,,0
2022-12-15 12:00:00,,,,0
2022-12-15 18:00:00,,,,0
2022-12-16 00:00:00,1.0,0.003,1035.0,360
2022-12-16 06:00:00,1.0,0.017,860.0,360
2022-12-16 12:00:00,1.0,0.0,8150.0,360
2022-12-16 18:00:00,1.0,0.0,8150.0,360
2022-12-17 00:00:00,1.0,0.0,8150.0,360
2022-12-17 06:00:00,1.0,0.0,8140.0,360
2022-12-17 12:00:00,1.0,0.0,8150.0,360
2022-12-17 18:00:00,1.0,0.0,8140.0,360
2022-12-18 00:00:00,1.0,0.0,8140.0,360
2022-12-18 06:00:00,1.0,0.0,8150.0,360
2022-12-18 12:00:00,1.0,0.0,8140.0,360
2022-12-18 18:00:00,1.0,0.0,8140.0,360
2022-12-19 00:00:00,1.0,0.0,8140.0,360
2022-12-19 06:00:00,1.0,0.0,8140.0,360
2022-12-19 12:00:00,0.969,0.0,8140.0,349
2022-12-19 18:00:00,1.0,0.0,8140.0,360
2022-12-20 00:00:00,1.0,0.0,8140.0,360
2022-12-20 06:00:00,1.0,0.0,8140.0,360
2022-12-20 12:00:00,0.989,0.0,8140.0,356
2022-12-20 18:00:00,1.0,0.0,1945.0,360
2022-12-21 00:00:00,1.0,0.311,780.0,360
2022-12-21 06:00:00,1.0,0.275,1010.0,360
2022-12-21 12:00:00,1.0,0.0,1080.0,360
2022-12-21 18:00:00,1.0,0.081,540.0,360
2022-12-22 00:00:00,1.0,0.242,415.0,360
2022-12-22 06:00:00,1.0,0.175,130.0,360
2022-12-22 12:00:00,1.0,0.119,495.0,360
2022-12-22 18:00:00,0.678,0.0,1330.0,360
2022-12-23 00:00:00,1.0,0.0,4670.0,360
2022-12-23 06:00:00,0.864,0.0,2720.0,360
2022-12-23 12:00:00,0.814,0.0,2160.0,360
2022-12-23 18:00:00,0.236,0.0,1650.0,360
2022-12-24 00:00:00,1.0,0.0,1170.0,360
2022-12-24 06:00:00,1.0,0.269,1075.0,360
2022-12-24 12:00:00,0.992,0.164,1210.0,360
2022-12-24 18:00:00,1.0,0.0,1220.0,360
2022-12-25 00:00:00,0.75,0.0,1010.0,360
2022-12-25 06:00:00,0.631,0.0,7260.0,360
2022-12-25 12:00:00,0.919,0.0,1300.0,360
2022-12-25 18:00:00,0.664,0.0,7140.0,360
2022-12-26 00:00:00,0.783,0.0,9360.0,360
2022-12-26 06:00:00,0.808,0.0,920.0,360
2022-12-26 12:00:00,0.586,0.0,8630.0,360
2022-12-26 18:00:00,0.336,0.0,6100.0,360
2022-12-27 00:00:00,0.983,0.0,7645.0,360
2022-12-27 06:00:00,0.544,0.0,8205.0,360
2022-12-27 12:00:00,0.606,0.0,9185.0,360
2022-12-27 18:00:00,0.708,0.047,3300.0,360
2022-12-28 00:00:00,1.0,0.342,160.0,360
2022-12-28 06:00:00,0.953,0.447,330.0,343
2022-12-28 12:00:00,0.983,0.475,405.0,354
2022-12-28 18:00:00,1.0,0.058,1045.0,360
2022-12-29 00:00:00,1.0,0.289,580.0,360
2022-12-29 06:00:00,1.0,0.147,740.0,360
2022-12-29 12:00:00,1.0,0.072,615.0,360
2022-12-29 18:00:00,1.0,0.0,695.0,360
2022-12-30 00:00:00,0.597,0.011,850.0,360
2022-12-30 06:00:00,0.961,0.003,1485.0,360
2022-12-30 12:00:00,1.0,0.147,675.0,360
2022-12-30 18:00:00,1.0,0.106,890.0,360
2022-12-31 00:00:00,1.0,0.461,545.0,360
2022-12-31 06:00:00,1.0,0.389,145.0,360
2022-12-31 12:00:00,1.0,0.475,580.0,360
2022-12-31 18:00:00,1.0,0.144,570.0,360
2023-01-01 00:00:00,1.0,0.119,760.0,360
2023-01-01 06:00:00,1.0,0.292,250.0,360
2023-01-01 12:00:00,1.0,0.058,1630.0,360
2023-01-01 18:00:00,1.0,0.283,490.0,360
2023-01-02 00:00:00,0.989,0.425,650.0,356
2023-01-02 06:00:00,0.228,0.019,460.0,82
2023-01-02 12:00:00,0.222,0.047,915.0,80
2023-01-02 18:00:00,0.667,0.042,970.0,265
2023-01-03 00:00:00,0.456,0.078,860.0,164
2023-01-03 06:00:00,0.972,0.758,510.0,350
2023-01-03 12:00:00,0.836,0.489,600.0,301
2023-01-03 18:00:00,0.753,0.061,480.0,271
2023-01-04 00:00:00,1.0,0.111,450.0,360
2023-01-04 06:00:00,1.0,0.05,420.0,360
2023-01-04 12:00:00,0.933,0.0,810.0,360
2023-01-04 18:00:00,1.0,0.0,750.0,360
2023-01-05 00:00:00,0.15,0.0,860.0,360
2023-01-05 06:00:00,0.267,0.0,1485.0,360
2023-01-05 12:00:00,0.697,0.0,1030.0,360
2023-01-05 18:00:00,0.661,0.0,6095.0,360
2023-01-06 00:00:00,1.0,0.0,4730.0,360
2023-01-06 06:00:00,1.0,0.253,700.0,360
2023-01-06 12:00:00,1.0,0.275,340.0,360
2023-01-06 18:00:00,1.0,0.178,265.0,360
2023-01-07 00:00:00,1.0,0.211,535.0,360
2023-01-07 06:00:00,1.0,0.158,1195.0,360
2023-01-07 12:00:00,0.422,0.0,1130.0,360
2023-01-07 18:00:00,0.114,0.0,920.0,360
2023-01-08 00:00:00,0.664,0.0,6820.0,360
2023-01-08 06:00:00,0.917,0.0,5210.0,360
2023-01-08 12:00:00,0.464,0.0,3030.0,360
2023-01-08 18:00:00,0.378,0.0,2515.0,360
2023-01-09 00:00:00,0.761,0.003,1830.0,360
2023-01-09 06:00:00,0.989,0.003,1550.0,360
2023-01-09 12:00:00,0.85,0.0,1590.0,360
2023-01-09 18:00:00,1.0,0.014,1415.0,360
2023-01-10 00:00:00,1.0,0.181,1200.0,360
2023-01-10 06:00:00,1.0,0.397,130.0,360
2023-01-10 12:00:00,1.0,0.139,170.0,360
2023-01-10 18:00:00,1.0,0.003,920.0,360
2023-01-11 00:00:00,1.0,0.186,1100.0,360
2023-01-11 06:00:00,1.0,0.325,390.0,360
2023-01-11 12:00:00,1.0,0.431,380.0,360
2023-01-11 18:00:00,1.0,0.1,515.0,360
2023-01-12 00:00:00,1.0,0.194,560.0,360
2023-01-12 06:00:00,0.211,0.0,1150.0,360
2023-01-12 12:00:00,0.047,0.0,9310.0,360
2023-01-12 18:00:00,0.272,0.0,7445.0,360
2023-01-13 00:00:00,0.614,0.0,8490.0,360
2023-01-13 06:00:00,0.65,0.0,8805.0,360
2023-01-13 12:00:00,0.867,0.0,7000.0,360
2023-01-13 18:00:00,0.7,0.0,7295.0,360
2023-01-14 00:00:00,0.919,0.0,7680.0,360
2023-01-14 06:00:00,1.0,0.0,5310.0,360
2023-01-14 12:00:00,0.7,0.0,5970.0,360
2023-01-14 18:00:00,0.992,0.006,1640.0,360
2023-01-15 00:00:00,1.0,0.139,780.0,360
2023-01-15 06:00:00,1.0,0.131,870.0,360
2023-01-15 12:00:00,1.0,0.15,605.0,360
2023-01-15 18:00:00,1.0,0.125,380.0,360
2023-01-16 00:00:00,1.0,0.45,330.0,360
2023-01-16 06:00:00,1.0,0.403,430.0,360
2023-01-16 12:00:00,1.0,0.303,635.0,360
2023-01-16 18:00:00,1.0,0.036,790.0,360
2023-01-17 00:00:00,1.0,0.283,205.0,360
2023-01-17 06:00:00,1.0,0.289,150.0,360
2023-01-17 12:00:00,0.989,0.214,495.0,356
2023-01-17 18:00:00,1.0,0.081,875.0,360
2023-01-18 00:00:00,1.0,0.278,585.0,360
2023-01-18 06:00:00,1.0,0.067,1130.0,360
2023-01-18 12:00:00,1.0,0.203,745.0,360
2023-01-18 18:00:00,1.0,0.0,950.0,360
2023-01-19 00:00:00,0.947,0.003,840.0,360
2023-01-19 06:00:00,0.042,0.0,550.0,360
2023-01-19 12:00:00,0.081,0.0,7210.0,360
2023-01-19 18:00:00,0.769,0.0,4920.0,360
2023-01-20 00:00:00,0.992,0.0,3730.0,360
2023-01-20 06:00:00,1.0,0.0,2770.0,360
2023-01-20 12:00:00,1.0,0.0,1590.0,360
2023-01-20 18:00:00,1.0,0.094,635.0,360
2023-01-21 00:00:00,0.844,0.081,1305.0,360
2023-01-21 06:00:00,0.661,0.003,1160.0,360
2023-01-21 12:00:00,0.792,0.017,1170.0,360
2023-01-21 18:00:00,1.0,0.0,920.0,360
2023-01-22 00:00:00,0.772,0.0,970.0,360
2023-01-22 06:00:00,0.289,0.003,150.0,360
2023-01-22 12:00:00,0.281,0.0,7360.0,360
2023-01-22 18:00:00,0.661,0.0,5000.0,360
2023-01-23 00:00:00,1.0,0.0,3580.0,360
2023-01-23 06:00:00,0.936,0.0,2270.0,360
2023-01-23 12:00:00,0.9,0.0,1140.0,360
2023-01-23 18:00:00,0.825,0.0,2140.0,360
2023-01-24 00:00:00,0.242,0.0,1110.0,360
2023-01-24 06:00:00,0.736,0.0,1150.0,360
2023-01-24 12:00:00,0.994,0.0,3455.0,360
2023-01-24 18:00:00,1.0,0.0,1110.0,360
2023-01-25 00:00:00,0.703,0.003,870.0,360
2023-01-25 06:00:00,1.0,0.197,540.0,360
2023-01-25 12:00:00,1.0,0.186,640.0,360
2023-01-25 18:00:00,0.983,0.008,980.0,360
2023-01-26 00:00:00,0.608,0.061,1170.0,360
2023-01-26 06:00:00,0.175,0.003,1270.0,360
2023-01-26 12:00:00,0.117,0.0,1135.0,360
2023-01-26 18:00:00,0.05,0.0,1000.0,360
2023-01-27 00:00:00,0.992,0.0,980.0,360
2023-01-27 06:00:00,1.0,0.0,1140.0,360
2023-01-27 12:00:00,1.0,0.028,890.0,360
2023-01-27 18:00:00,1.0,0.3,535.0,360
2023-01-28 00:00:00,1.0,0.336,520.0,360
2023-01-28 06:00:00,1.0,0.014,740.0,360
2023-01-28 12:00:00,1.0,0.128,760.0,360
2023-01-28 18:00:00,1.0,0.069,645.0,360
2023-01-29 00:00:00,1.0,0.008,1140.0,360
2023-01-29 06:00:00,1.0,0.167,790.0,360
2023-01-29 12:00:00,1.0,0.211,1055.0,360
2023-01-29 18:00:00,1.0,0.0,1860.0,360
2023-01-30 00:00:00,0.986,0.017,1420.0,360
2023-01-30 06:00:00,1.0,0.283,470.0,360
2023-01-30 12:00:00,1.0,0.533,440.0,360
2023-01-30 18:00:00,1.0,0.125,395.0,360
2023-01-31 00:00:00,1.0,0.347,440.0,360
2023-01-31 06:00:00,1.0,0.225,640.0,360
2023-01-31 12:00:00,0.206,0.0,1830.0,360
2023-01-31 18:00:00,0.0,0.0,,360
2023-02-01 00:00:00,0.0,0.0,,360
2023-02-01 06:00:00,0.0,0.0,,360
2023-02-01 12:00:00,0.0,0.0,,360
2023-02-01 18:00:00,0.0,0.0,,360
2023-02-02 00:00:00,0.003,0.0,8350.0,360
2023-02-02 06:00:00,0.0,0.0,,360
2023-02-02 12:00:00,0.014,0.0,5010.0,360
2023-02-02 18:00:00,0.011,0.003,5010.0,360
2023-02-03 00:00:00,0.0,0.0,,360
2023-02-03 06:00:00,0.047,0.0,8770.0,360
2023-02-03 12:00:00,0.472,0.0,8315.0,360
2023-02-03 18:00:00,0.789,0.0,8420.0,360
2023-02-04 00:00:00,0.786,0.0,7580.0,360
2023-02-04 06:00:00,0.325,0.0,6490.0,360
2023-02-04 12:00:00,0.383,0.0,2625.0,360
2023-02-04 18:00:00,0.086,0.0,4060.0,360
2023-02-05 00:00:00,0.542,0.0,5800.0,360
2023-02-05 06:00:00,1.0,0.0,6275.0,360
2023-02-05 12:00:00,0.833,0.0,6900.0,360
2023-02-05 18:00:00,0.381,0.0,2970.0,360
2023-02-06 00:00:00,0.667,0.0,1810.0,360
2023-02-06 06:00:00,1.0,0.294,370.0,360
2023-02-06 12:00:00,0.886,0.164,560.0,360
2023-02-06 18:00:00,0.719,0.006,1060.0,360
2023-02-07 00:00:00,0.436,0.011,910.0,360
2023-02-07 06:00:00,0.0,0.0,,360
2023-02-07 12:00:00,0.0,0.0,,360
2023-02-07 18:00:00,0.0,0.0,,360
2023-02-08 00:00:00,0.075,0.0,5760.0,360
2023-02-08 06:00:00,0.133,0.0,1370.0,360
2023-02-08 12:00:00,1.0,0.008,1100.0,360
2023-02-08 18:00:00,0.508,0.0,1060.0,360
2023-02-09 00:00:00,1.0,0.114,440.0,360
2023-02-09 06:00:00,0.839,0.05,915.0,360
2023-02-09 12:00:00,0.811,0.006,900.0,360
2023-02-09 18:00:00,0.228,0.0,1135.0,360
2023-02-10 00:00:00,0.067,0.0,970.0,360
2023-02-10 06:00:00,0.0,0.0,,360
2023-02-10 12:00:00,0.058,0.0,9030.0,360
2023-02-10 18:00:00,0.039,0.0,8715.0,360
2023-02-11 00:00:00,0.217,0.0,8450.0,360
2023-02-11 06:00:00,0.031,0.0,8730.0,360
2023-02-11 12:00:00,0.594,0.0,8360.0,360
2023-02-11 18:00:00,0.711,0.0,5320.0,360
2023-02-12 00:00:00,0.669,0.0,4030.0,360
2023-02-12 06:00:00,0.878,0.0,1750.0,360
2023-02-12 12:00:00,0.994,0.0,1380.0,360
2023-02-12 18:00:00,0.267,0.0,1900.0,360
2023-02-13 00:00:00,0.003,0.0,5490.0,360
2023-02-13 06:00:00,0.0,0.0,,360
2023-02-13 12:00:00,0.447,0.0,2050.0,360
2023-02-13 18:00:00,1.0,0.064,1015.0,360
2023-02-14 00:00:00,0.997,0.0,1030.0,360
2023-02-14 06:00:00,1.0,0.033,980.0,360
2023-02-14 12:00:00,0.969,0.05,910.0,360
2023-02-14 18:00:00,1.0,0.094,510.0,360
2023-02-15 00:00:00,1.0,0.283,385.0,360
2023-02-15 06:00:00,1.0,0.214,520.0,360
2023-02-15 12:00:00,1.0,0.328,510.0,360
2023-02-15 18:00:00,1.0,0.019,865.0,360
2023-02-16 00:00:00,1.0,0.008,1400.0,360
2023-02-16 06:00:00,0.644,0.017,3660.0,360
2023-02-16 12:00:00,0.394,0.019,1035.0,360
2023-02-16 18:00:00,0.003,0.003,40.0,360
2023-02-17 00:00:00,0.0,0.0,,360
2023-02-17 06:00:00,0.0,0.0,,360
2023-02-17 12:00:00,0.014,0.0,6490.0,360
2023-02-17 18:00:00,0.347,0.0,8370.0,360
2023-02-18 00:00:00,0.992,0.0,7770.0,360
2023-02-18 06:00:00,0.889,0.0,5385.0,360
2023-02-18 12:00:00,0.625,0.0,5140.0,360
2023-02-18 18:00:00,0.464,0.0,4930.0,360
2023-02-19 00:00:00,0.742,0.0,3120.0,360
2023-02-19 06:00:00,1.0,0.0,1960.0,360
2023-02-19 12:00:00,1.0,0.075,630.0,360
2023-02-19 18:00:00,0.906,0.044,880.0,360
2023-02-20 00:00:00,0.578,0.0,1390.0,360
2023-02-20 06:00:00,0.567,0.0,2130.0,360
2023-02-20 12:00:00,1.0,0.05,1510.0,360
2023-02-20 18:00:00,1.0,0.131,1090.0,360
2023-02-21 00:00:00,0.994,0.0,990.0,360
2023-02-21 06:00:00,0.997,0.0,930.0,360
2023-02-21 12:00:00,0.747,0.0,1160.0,354
2023-02-21 18:00:00,0.339,0.0,1655.0,360
2023-02-22 00:00:00,0.975,0.256,460.0,360
2023-02-22 06:00:00,1.0,0.267,140.0,360
2023-02-22 12:00:00,1.0,0.169,475.0,360
2023-02-22 18:00:00,0.939,0.083,470.0,356
2023-02-23 00:00:00,1.0,0.314,140.0,360
2023-02-23 06:00:00,1.0,0.428,420.0,360
2023-02-23 12:00:00,1.0,0.069,645.0,360
2023-02-23 18:00:00,0.992,0.103,540.0,357
2023-02-24 00:00:00,0.967,0.036,1300.0,360
2023-02-24 06:00:00,0.981,0.0,1750.0,360
2023-02-24 12:00:00,1.0,0.161,290.0,360
2023-02-24 18:00:00,0.975,0.033,1010.0,351
2023-02-25 00:00:00,1.0,0.0,2760.0,360
2023-02-25 06:00:00,1.0,0.028,1830.0,360
2023-02-25 12:00:00,0.964,0.0,1410.0,360
2023-02-25 18:00:00,0.8,0.0,5340.0,360
2023-02-26 00:00:00,0.203,0.0,6240.0,360
2023-02-26 06:00:00,0.728,0.0,5470.0,360
2023-02-26 12:00:00,1.0,0.0,2010.0,360
2023-02-26 18:00:00,1.0,0.053,580.0,360
2023-02-27 00:00:00,1.0,0.028,1010.0,360
2023-02-27 06:00:00,0.711,0.006,760.0,360
2023-02-27 12:00:00,0.85,0.0,1340.0,360
2023-02-27 18:00:00,0.542,0.008,1050.0,360
2023-02-28 00:00:00,0.647,0.081,1280.0,360
2023-02-28 06:00:00,1.0,0.372,305.0,360
2023-02-28 12:00:00,1.0,0.264,200.0,360
2023-02-28 18:00:00,1.0,0.222,240.0,360
2023-03-01 00:00:00,0.769,0.119,2480.0,360
2023-03-01 06:00:00,1.0,0.133,830.0,360
2023-03-01 12:00:00,1.0,0.069,365.0,360
2023-03-01 18:00:00,1.0,0.131,570.0,360
2023-03-02 00:00:00,1.0,0.217,850.0,360
2023-03-02 06:00:00,0.408,0.003,950.0,360
2023-03-02 12:00:00,0.006,0.003,425.0,360
2023-03-02 18:00:00,0.481,0.0,1230.0,360
2023-03-03 00:00:00,0.714,0.0,890.0,360
2023-03-03 06:00:00,0.142,0.0,2070.0,360
2023-03-03 12:00:00,1.0,0.0,1750.0,360
2023-03-03 18:00:00,1.0,0.094,710.0,360
2023-03-04 00:00:00,1.0,0.25,580.0,360
2023-03-04 06:00:00,0.747,0.086,790.0,360
2023-03-04 12:00:00,0.997,0.0,3440.0,360
2023-03-04 18:00:00,1.0,0.0,3690.0,360
2023-03-05 00:00:00,0.942,0.011,2310.0,350
2023-03-05 06:00:00,0.908,0.025,1440.0,360
2023-03-05 12:00:00,0.986,0.0,1390.0,360
2023-03-05 18:00:00,1.0,0.0,1580.0,360
2023-03-06 00:00:00,0.956,0.0,5120.0,360
2023-03-06 06:00:00,0.906,0.0,5170.0,360
2023-03-06 12:00:00,0.472,0.0,5280.0,360
2023-03-06 18:00:00,0.372,0.0,4675.0,360
2023-03-07 00:00:00,1.0,0.0,4410.0,360
2023-03-07 06:00:00,0.964,0.0,4620.0,360
2023-03-07 12:00:00,0.992,0.0,4200.0,360
2023-03-07 18:00:00,0.531,0.0,6740.0,360
2023-03-08 00:00:00,0.231,0.0,6840.0,360
2023-03-08 06:00:00,0.756,0.0,5210.0,360
2023-03-08 12:00:00,1.0,0.0,4695.0,360
2023-03-08 18:00:00,1.0,0.0,2900.0,360
2023-03-09 00:00:00,0.975,0.0,2090.0,360
2023-03-09 06:00:00,0.994,0.017,1210.0,360
2023-03-09 12:00:00,0.228,0.0,1350.0,360
2023-03-09 18:00:00,0.117,0.0,5020.0,360
2023-03-10 00:00:00,0.583,0.0,6135.0,360
2023-03-10 06:00:00,0.797,0.003,1950.0,360
2023-03-10 12:00:00,1.0,0.197,330.0,360
2023-03-10 18:00:00,1.0,0.056,110.0,360
2023-03-11 00:00:00,0.95,0.294,110.0,342
2023-03-11 06:00:00,0.058,0.0,2100.0,21
2023-03-11 12:00:00,0.981,0.028,1030.0,360
2023-03-11 18:00:00,1.0,0.103,1310.0,360
2023-03-12 00:00:00,0.933,0.0,1090.0,338
2023-03-12 06:00:00,,,,0
2023-03-12 12:00:00,0.894,0.217,860.0,322
2023-03-12 18:00:00,0.697,0.092,350.0,251
2023-03-13 00:00:00,0.139,0.0,1140.0,50
2023-03-13 06:00:00,0.831,0.0,1150.0,299
2023-03-13 12:00:00,0.811,0.0,1100.0,360
2023-03-13 18:00:00,0.739,0.0,1620.0,360
2023-03-14 00:00:00,0.528,0.0,5305.0,360
2023-03-14 06:00:00,0.836,0.0,1170.0,360
2023-03-14 12:00:00,0.664,0.0,1080.0,360
2023-03-14 18:00:00,0.622,0.0,4015.0,360
2023-03-15 00:00:00,0.986,0.0,1940.0,355
2023-03-15 06:00:00,1.0,0.047,810.0,360
2023-03-15 12:00:00,1.0,0.189,345.0,360
2023-03-15 18:00:00,1.0,0.203,340.0,360
2023-03-16 00:00:00,1.0,0.167,190.0,360
2023-03-16 06:00:00,0.85,0.111,1085.0,359
2023-03-16 12:00:00,0.972,0.033,3040.0,358
2023-03-16 18:00:00,0.525,0.003,3030.0,360
2023-03-17 00:00:00,0.128,0.0,865.0,360
2023-03-17 06:00:00,0.975,0.0,1060.0,360
2023-03-17 12:00:00,0.825,0.0,1140.0,360
2023-03-17 18:00:00,0.036,0.0,1480.0,360
2023-03-18 00:00:00,0.0,0.0,,360
2023-03-18 06:00:00,0.0,0.0,,360
2023-03-18 12:00:00,0.0,0.0,,360
2023-03-18 18:00:00,0.0,0.0,,360
2023-03-19 00:00:00,0.019,0.0,6220.0,360
2023-03-19 06:00:00,0.178,0.0,5745.0,360
2023-03-19 12:00:00,0.292,0.0,1030.0,360
2023-03-19 18:00:00,0.608,0.0,1480.0,360
2023-03-20 00:00:00,0.931,0.0,4900.0,360
2023-03-20 06:00:00,1.0,0.128,1535.0,360
2023-03-20 12:00:00,1.0,0.233,390.0,360
2023-03-20 18:00:00,1.0,0.058,710.0,360
2023-03-21 00:00:00,1.0,0.297,130.0,360
2023-03-21 06:00:00,0.775,0.053,720.0,360
2023-03-21 12:00:00,0.922,0.0,2495.0,360
2023-03-21 18:00:00,1.0,0.014,1030.0,360
2023-03-22 00:00:00,1.0,0.342,300.0,360
2023-03-22 06:00:00,1.0,0.094,565.0,360
2023-03-22 12:00:00,1.0,0.056,280.0,360
2023-03-22 18:00:00,1.0,0.069,430.0,360
2023-03-23 00:00:00,1.0,0.233,690.0,360
2023-03-23 06:00:00,0.942,0.0,1140.0,360
2023-03-23 12:00:00,0.861,0.003,1355.0,360
2023-03-23 18:00:00,0.953,0.0,1290.0,360
2023-03-24 00:00:00,1.0,0.008,1170.0,360
2023-03-24 06:00:00,1.0,0.003,1060.0,360
2023-03-24 12:00:00,0.967,0.0,1235.0,360
2023-03-24 18:00:00,0.856,0.0,1290.0,360
2023-03-25 00:00:00,1.0,0.275,140.0,360
2023-03-25 06:00:00,1.0,0.175,460.0,360
2023-03-25 12:00:00,0.844,0.014,795.0,360
2023-03-25 18:00:00,1.0,0.003,900.0,360
2023-03-26 00:00:00,0.997,0.078,720.0,359
2023-03-26 06:00:00,0.644,0.025,340.0,360
2023-03-26 12:00:00,1.0,0.042,605.0,360
2023-03-26 18:00:00,1.0,0.047,715.0,360
2023-03-27 00:00:00,1.0,0.169,310.0,360
2023-03-27 06:00:00,1.0,0.206,390.0,360
2023-03-27 12:00:00,0.786,0.089,630.0,360
2023-03-27 18:00:00,0.872,0.006,1010.0,360
2023-03-28 00:00:00,0.172,0.0,1320.0,360
2023-03-28 06:00:00,0.0,0.0,,360
2023-03-28 12:00:00,0.0,0.0,,360
2023-03-28 18:00:00,0.586,0.003,3230.0,360
2023-03-29 00:00:00,0.986,0.0,2720.0,360
2023-03-29 06:00:00,0.778,0.0,5655.0,360
2023-03-29 12:00:00,0.592,0.0,2960.0,360
2023-03-29 18:00:00,0.769,0.0,4490.0,360
2023-03-30 00:00:00,0.889,0.0,4490.0,360
2023-03-30 06:00:00,1.0,0.0,4460.0,360
2023-03-30 12:00:00,0.969,0.0,2650.0,360
2023-03-30 18:00:00,1.0,0.031,910.0,360
2023-03-31 00:00:00,1.0,0.233,420.0,360
2023-03-31 06:00:00,1.0,0.128,390.0,360
2023-03-31 12:00:00,1.0,0.139,140.0,360
2023-03-31 18:00:00,1.0,0.15,130.0,360
2023-04-01 00:00:00,1.0,0.108,685.0,360
2023-04-01 06:00:00,1.0,0.0,1090.0,360
2023-04-01 12:00:00,0.253,0.0,1020.0,360
2023-04-01 18:00:00,0.0,0.0,,360
2023-04-02 00:00:00,0.286,0.0,5840.0,360
2023-04-02 06:00:00,0.0,0.0,,360
2023-04-02 12:00:00,0.0,0.0,,360
2023-04-02 18:00:00,0.067,0.0,1855.0,360
2023-04-03 00:00:00,0.75,0.0,4900.0,360
2023-04-03 06:00:00,1.0,0.0,2580.0,360
2023-04-03 12:00:00,1.0,0.0,2305.0,360
2023-04-03 18:00:00,1.0,0.0,2570.0,360
2023-04-04 00:00:00,1.0,0.022,1745.0,360
2023-04-04 06:00:00,1.0,0.294,480.0,360
2023-04-04 12:00:00,0.822,0.033,960.0,360
2023-04-04 18:00:00,1.0,0.089,315.0,360
2023-04-05 00:00:00,0.986,0.136,580.0,360
2023-04-05 06:00:00,0.917,0.014,1035.0,360
2023-04-05 12:00:00,0.781,0.006,1100.0,360
2023-04-05 18:00:00,0.656,0.003,1895.0,360
2023-04-06 00:00:00,0.622,0.0,2685.0,360
2023-04-06 06:00:00,0.033,0.0,655.0,360
2023-04-06 12:00:00,0.0,0.0,,360
2023-04-06 18:00:00,0.003,0.003,40.0,360
2023-04-07 00:00:00,0.0,0.0,,360
2023-04-07 06:00:00,0.0,0.0,,360
2023-04-07 12:00:00,0.0,0.0,,360
2023-04-07 18:00:00,0.875,0.0,2550.0,360
2023-04-08 00:00:00,0.897,0.0,7090.0,360
2023-04-08 06:00:00,1.0,0.0,2240.0,360
2023-04-08 12:00:00,0.95,0.0,2060.0,360
2023-04-08 18:00:00,1.0,0.0,2010.0,360
2023-04-09 00:00:00,0.839,0.003,1860.0,360
2023-04-09 06:00:00,0.281,0.0,6520.0,360
2023-04-09 12:00:00,0.564,0.0,5010.0,360
2023-04-09 18:00:00,0.092,0.0,1920.0,360
2023-04-10 00:00:00,0.011,0.0,9800.0,360
2023-04-10 06:00:00,0.0,0.0,,360
2023-04-10 12:00:00,0.0,0.0,,360
2023-04-10 18:00:00,0.0,0.0,,360
2023-04-11 00:00:00,0.0,0.0,,360
2023-04-11 06:00:00,0.0,0.0,,360
2023-04-11 12:00:00,0.0,0.0,,360
2023-04-11 18:00:00,0.003,0.003,40.0,360
2023-04-12 00:00:00,0.0,0.0,,360
2023-04-12 06:00:00,0.392,0.0,2950.0,355
2023-04-12 12:00:00,0.614,0.0,2550.0,360
2023-04-12 18:00:00,0.881,0.0,2810.0,360
2023-04-13 00:00:00,0.9,0.0,2880.0,360
2023-04-13 06:00:00,0.922,0.0,4015.0,360
2023-04-13 12:00:00,0.7,0.0,2740.0,360
2023-04-13 18:00:00,0.975,0.0,2890.0,360
2023-04-14 00:00:00,0.989,0.0,2320.0,360
2023-04-14 06:00:00,1.0,0.011,1020.0,360
2023-04-14 12:00:00,1.0,0.003,1295.0,360
2023-04-14 18:00:00,1.0,0.017,940.0,360
2023-04-15 00:00:00,1.0,0.122,775.0,360
2023-04-15 06:00:00,0.928,0.139,530.0,360
2023-04-15 12:00:00,0.872,0.022,1050.0,360
2023-04-15 18:00:00,0.092,0.003,960.0,360
2023-04-16 00:00:00,0.0,0.0,,360
2023-04-16 06:00:00,0.0,0.0,,360
2023-04-16 12:00:00,0.0,0.0,,360
2023-04-16 18:00:00,0.003,0.0,5440.0,360
2023-04-17 00:00:00,0.258,0.0,7690.0,360
2023-04-17 06:00:00,0.431,0.0,7790.0,360
2023-04-17 12:00:00,0.039,0.0,7635.0,360
2023-04-17 18:00:00,0.075,0.003,2850.0,360
2023-04-18 00:00:00,0.033,0.0,7350.0,360
2023-04-18 06:00:00,0.733,0.0,2810.0,360
2023-04-18 12:00:00,0.917,0.0,3070.0,360
2023-04-18 18:00:00,0.753,0.0,2810.0,360
2023-04-19 00:00:00,0.992,0.0,3270.0,360
2023-04-19 06:00:00,1.0,0.0,1670.0,360
2023-04-19 12:00:00,1.0,0.053,1760.0,360
2023-04-19 18:00:00,1.0,0.014,700.0,360
2023-04-20 00:00:00,0.956,0.044,1180.0,360
2023-04-20 06:00:00,1.0,0.114,925.0,360
2023-04-20 12:00:00,0.136,0.0,1770.0,360
2023-04-20 18:00:00,1.0,0.047,825.0,360
2023-04-21 00:00:00,0.547,0.019,990.0,360
2023-04-21 06:00:00,0.483,0.0,6110.0,360
2023-04-21 12:00:00,0.931,0.0,1960.0,335
2023-04-21 18:00:00,,,,0
2023-04-22 00:00:00,,,,0
2023-04-22 06:00:00,0.167,0.003,970.0,60
2023-04-22 12:00:00,,,,0
2023-04-22 18:00:00,,,,0
2023-04-23 00:00:00,0.169,0.0,1340.0,61
2023-04-23 06:00:00,0.169,0.0,1520.0,61
2023-04-23 12:00:00,0.169,0.0,1080.0,61
2023-04-23 18:00:00,,,,0
2023-04-24 00:00:00,,,,0
2023-04-24 06:00:00,,,,0
2023-04-24 12:00:00,0.169,0.0,1710.0,61
2023-04-24 18:00:00,,,,0
2023-04-25 00:00:00,,,,0
2023-04-25 06:00:00,,,,0
2023-04-25 12:00:00,,,,0
2023-04-25 18:00:00,,,,0
2023-04-26 00:00:00,,,,0
2023-04-26 06:00:00,,,,0
2023-04-26 12:00:00,,,,0
2023-04-26 18:00:00,0.125,0.0,1490.0,61
2023-04-27 00:00:00,0.003,0.0,1450.0,61
2023-04-27 06:00:00,,,,0
2023-04-27 12:00:00,,,,0
2023-04-27 18:00:00,,,,0
2023-04-28 00:00:00,0.083,0.0,1190.0,30
2023-04-28 06:00:00,0.256,0.047,840.0,92
2023-04-28 12:00:00,,,,0
2023-04-28 18:00:00,,,,0
2023-04-29 00:00:00,0.0,0.0,,92
2023-04-29 06:00:00,0.028,0.0,6415.0,91
2023-04-29 12:00:00,,,,0
2023-04-29 18:00:00,0.0,0.0,,61
2023-04-30 00:00:00,,,,0
2023-04-30 06:00:00,,,,0
2023-04-30 12:00:00,,,,0
2023-04-30 18:00:00,,,,0
2023-05-01 00:00:00,0.003,0.0,2450.0,60
2023-05-01 06:00:00,,,,0
2023-05-01 12:00:00,0.0,0.0,,61
2023-05-01 18:00:00,0.208,0.0,4090.0,122
2023-05-02 00:00:00,,,,0
2023-05-02 06:00:00,0.011,0.0,8100.0,61
2023-05-02 12:00:00,,,,0
2023-05-02 18:00:00,0.092,0.0,2620.0,34
2023-05-03 00:00:00,0.075,0.0,7270.0,27
2023-05-03 06:00:00,0.339,0.0,7455.0,122
2023-05-03 12:00:00,,,,0
2023-05-03 18:00:00,,,,0
2023-05-04 00:00:00,,,,0
2023-05-04 06:00:00,,,,0
2023-05-04 12:00:00,,,,0
2023-05-04 18:00:00,,,,0
2023-05-05 00:00:00,,,,0
2023-05-05 06:00:00,0.0,0.0,,182
2023-05-05 12:00:00,,,,0
2023-05-05 18:00:00,,,,0
2023-05-06 00:00:00,0.011,0.0,2995.0,120
2023-05-06 06:00:00,,,,0
2023-05-06 12:00:00,,,,0
2023-05-06 18:00:00,,,,0
2023-05-07 00:00:00,,,,0
2023-05-07 06:00:00,,,,0
2023-05-07 12:00:00,,,,0
2023-05-07 18:00:00,,,,0
2023-05-08 00:00:00,,,,0
2023-05-08 06:00:00,0.128,0.0,2165.0,191
2023-05-08 12:00:00,0.783,0.0,2610.0,360
2023-05-08 18:00:00,0.436,0.0,2850.0,360
2023-05-09 00:00:00,0.0,0.0,,360
2023-05-09 06:00:00,0.058,0.0,2540.0,360
2023-05-09 12:00:00,0.0,0.0,,44
2023-05-09 18:00:00,0.008,0.0,3120.0,257
2023-05-10 00:00:00,0.0,0.0,,353
2023-05-10 06:00:00,0.242,0.0,3540.0,360
2023-05-10 12:00:00,0.1,0.0,3365.0,360
2023-05-10 18:00:00,0.914,0.0,3490.0,360
2023-05-11 00:00:00,0.983,0.0,1950.0,360
2023-05-11 06:00:00,0.853,0.014,1850.0,360
2023-05-11 12:00:00,1.0,0.211,385.0,360
2023-05-11 18:00:00,1.0,0.064,420.0,360
2023-05-12 00:00:00,1.0,0.0,1230.0,360
2023-05-12 06:00:00,0.989,0.0,1470.0,360
2023-05-12 12:00:00,0.628,0.0,1415.0,360
2023-05-12 18:00:00,0.814,0.0,2280.0,360
2023-05-13 00:00:00,0.392,0.0,2500.0,360
2023-05-13 06:00:00,0.653,0.0,2600.0,360
2023-05-13 12:00:00,0.847,0.0,1270.0,360
2023-05-13 18:00:00,0.986,0.0,1880.0,360
2023-05-14 00:00:00,1.0,0.0,1510.0,360
2023-05-14 06:00:00,0.964,0.0,1480.0,360
2023-05-14 12:00:00,0.647,0.0,1870.0,360
2023-05-14 18:00:00,1.0,0.0,2855.0,360
2023-05-15 00:00:00,0.906,0.0,2015.0,360
2023-05-15 06:00:00,0.958,0.0,940.0,360
2023-05-15 12:00:00,0.414,0.0,1860.0,360
2023-05-15 18:00:00,0.594,0.0,2840.0,360
2023-05-16 00:00:00,0.436,0.0,2650.0,360
2023-05-16 06:00:00,0.031,0.0,2230.0,360
2023-05-16 12:00:00,0.144,0.0,2120.0,360
2023-05-16 18:00:00,0.236,0.0,2200.0,360
2023-05-17 00:00:00,0.186,0.0,6440.0,360
2023-05-17 06:00:00,0.0,0.0,,360
2023-05-17 12:00:00,0.186,0.0,5710.0,360
2023-05-17 18:00:00,0.894,0.0,3775.0,360
2023-05-18 00:00:00,0.972,0.0,2900.0,360
2023-05-18 06:00:00,0.989,0.0,2450.0,360
2023-05-18 12:00:00,1.0,0.0,2170.0,360
2023-05-18 18:00:00,0.631,0.0,3410.0,360
2023-05-19 00:00:00,0.503,0.0,2970.0,360
2023-05-19 06:00:00,0.136,0.0,2640.0,360
2023-05-19 12:00:00,0.775,0.0,1410.0,360
2023-05-19 18:00:00,0.819,0.0,2810.0,360
2023-05-20 00:00:00,1.0,0.0,1090.0,360
2023-05-20 06:00:00,0.997,0.0,710.0,360
2023-05-20 12:00:00,0.975,0.0,2640.0,360
2023-05-20 18:00:00,0.867,0.0,2960.0,360
2023-05-21 00:00:00,0.639,0.0,2795.0,360
2023-05-21 06:00:00,0.506,0.0,2475.0,360
2023-05-21 12:00:00,0.958,0.0,2960.0,360
2023-05-21 18:00:00,0.967,0.0,2170.0,360
2023-05-22 00:00:00,0.906,0.0,2720.0,360
2023-05-22 06:00:00,1.0,0.0,4955.0,360
2023-05-22 12:00:00,0.339,0.0,5310.0,360
2023-05-22 18:00:00,0.911,0.0,2040.0,360
2023-05-23 00:00:00,0.733,0.0,3160.0,360
2023-05-23 06:00:00,0.003,0.0,1990.0,360
2023-05-23 12:00:00,0.031,0.0,1670.0,360
2023-05-23 18:00:00,0.739,0.0,2455.0,360
2023-05-24 00:00:00,0.886,0.0,2320.0,360
2023-05-24 06:00:00,0.567,0.0,5030.0,360
2023-05-24 12:00:00,0.817,0.0,2425.0,360
2023-05-24 18:00:00,0.817,0.0,3625.0,360
2023-05-25 00:00:00,0.714,0.0,2930.0,360
2023-05-25 06:00:00,0.0,0.0,,360
2023-05-25 12:00:00,0.325,0.0,9070.0,360
2023-05-25 18:00:00,0.772,0.0,2775.0,360
2023-05-26 00:00:00,0.667,0.0,2920.0,360
2023-05-26 06:00:00,0.361,0.0,3360.0,360
2023-05-26 12:00:00,0.55,0.0,3310.0,356
2023-05-26 18:00:00,0.903,0.0,3060.0,360
2023-05-27 00:00:00,0.367,0.0,3520.0,360
2023-05-27 06:00:00,0.144,0.0,2855.0,360
2023-05-27 12:00:00,0.339,0.0,2435.0,360
2023-05-27 18:00:00,0.65,0.0,3375.0,360
2023-05-28 00:00:00,0.361,0.0,3430.0,360
2023-05-28 06:00:00,0.0,0.0,,360
2023-05-28 12:00:00,0.203,0.0,2680.0,360
2023-05-28 18:00:00,0.439,0.0,2850.0,360
2023-05-29 00:00:00,0.103,0.0,2970.0,360
2023-05-29 06:00:00,0.181,0.0,2690.0,360
2023-05-29 12:00:00,0.169,0.0,8340.0,360
2023-05-29 18:00:00,0.131,0.0,8470.0,360
2023-05-30 00:00:00,0.578,0.0,7060.0,360
2023-05-30 06:00:00,0.0,0.0,,360
2023-05-30 12:00:00,0.336,0.0,3160.0,360
2023-05-30 18:00:00,0.617,0.0,3070.0,360
2023-05-31 00:00:00,0.544,0.0,3560.0,360
2023-05-31 06:00:00,0.669,0.0,3270.0,360
2023-05-31 12:00:00,0.942,0.0,3300.0,360
2023-05-31 18:00:00,0.994,0.0,2095.0,360
