datetime,le_wm2,subl_mm_day,n_halfhours
2022-11-01 00:00:00,1.8143,0.0552,7
2022-11-01 06:00:00,-1.8545,-0.0565,11
2022-11-01 12:00:00,5.5,0.1674,11
2022-11-01 18:00:00,35.8167,1.0904,12
2022-11-02 00:00:00,0.7875,0.024,8
2022-11-02 06:00:00,-2.44,-0.0743,10
2022-11-02 12:00:00,18.26,0.5559,10
2022-11-02 18:00:00,86.1583,2.623,12
2022-11-03 00:00:00,9.4182,0.2867,11
2022-11-03 06:00:00,10.3111,0.3139,9
2022-11-03 12:00:00,,,0
2022-11-03 18:00:00,69.95,2.1296,6
2022-11-04 00:00:00,10.6,0.3227,1
2022-11-04 06:00:00,-2.25,-0.0685,6
2022-11-04 12:00:00,11.3143,0.3445,7
2022-11-04 18:00:00,35.6583,1.0856,12
2022-11-05 00:00:00,19.0833,0.581,12
2022-11-05 06:00:00,-3.7333,-0.1137,9
2022-11-05 12:00:00,14.45,0.4399,10
2022-11-05 18:00:00,31.2083,0.9501,12
2022-11-06 00:00:00,35.3917,1.0775,12
2022-11-06 06:00:00,45.06,1.3718,10
2022-11-06 12:00:00,7.3778,0.2246,9
2022-11-06 18:00:00,7.61,0.2317,10
2022-11-07 00:00:00,-18.88,-0.5748,5
2022-11-07 06:00:00,-7.9222,-0.2412,9
2022-11-07 12:00:00,9.6,0.2923,10
2022-11-07 18:00:00,45.6083,1.3885,12
2022-11-08 00:00:00,16.13,0.4911,10
2022-11-08 06:00:00,1.1545,0.0351,11
2022-11-08 12:00:00,18.46,0.562,10
2022-11-08 18:00:00,104.5727,3.1836,11
2022-11-09 00:00:00,15.9818,0.4866,11
2022-11-09 06:00:00,11.41,0.3474,10
2022-11-09 12:00:00,50.0583,1.524,12
2022-11-09 18:00:00,112.7,3.431,11
2022-11-10 00:00:00,43.4222,1.3219,9
2022-11-10 06:00:00,23.67,0.7206,10
2022-11-10 12:00:00,10.08,0.3069,10
2022-11-10 18:00:00,20.4222,0.6217,9
2022-11-11 00:00:00,0.275,0.0084,8
2022-11-11 06:00:00,-4.2875,-0.1305,8
2022-11-11 12:00:00,7.1,0.2162,9
2022-11-11 18:00:00,39.1,1.1904,9
2022-11-12 00:00:00,1.5111,0.046,9
2022-11-12 06:00:00,4.85,0.1477,8
2022-11-12 12:00:00,6.0375,0.1838,8
2022-11-12 18:00:00,26.3818,0.8032,11
2022-11-13 00:00:00,5.2,0.1583,7
2022-11-13 06:00:00,1.01,0.0307,10
2022-11-13 12:00:00,5.5667,0.1695,9
2022-11-13 18:00:00,56.075,1.7071,12
2022-11-14 00:00:00,4.77,0.1452,10
2022-11-14 06:00:00,-3.2667,-0.0995,9
2022-11-14 12:00:00,12.025,0.3661,8
2022-11-14 18:00:00,65.7833,2.0027,12
2022-11-15 00:00:00,12.1909,0.3711,11
2022-11-15 06:00:00,2.475,0.0753,8
2022-11-15 12:00:00,23.47,0.7145,10
2022-11-15 18:00:00,53.0417,1.6148,12
2022-11-16 00:00:00,4.04,0.123,10
2022-11-16 06:00:00,2.3,0.07,8
2022-11-16 12:00:00,14.0875,0.4289,8
2022-11-16 18:00:00,43.625,1.3281,12
2022-11-17 00:00:00,2.3636,0.072,11
2022-11-17 06:00:00,-0.8222,-0.025,9
2022-11-17 12:00:00,8.4091,0.256,11
2022-11-17 18:00:00,32.3833,0.9859,12
2022-11-18 00:00:00,7.9333,0.2415,12
2022-11-18 06:00:00,6.5909,0.2007,11
2022-11-18 12:00:00,17.7727,0.5411,11
2022-11-18 18:00:00,40.65,1.2375,12
2022-11-19 00:00:00,0.8333,0.0254,9
2022-11-19 06:00:00,1.975,0.0601,4
2022-11-19 12:00:00,13.1,0.3988,9
2022-11-19 18:00:00,24.9417,0.7593,12
2022-11-20 00:00:00,2.3091,0.0703,11
2022-11-20 06:00:00,1.1875,0.0362,8
2022-11-20 12:00:00,5.73,0.1744,10
2022-11-20 18:00:00,32.275,0.9826,12
2022-11-21 00:00:00,5.71,0.1738,10
2022-11-21 06:00:00,-1.0,-0.0304,8
2022-11-21 12:00:00,7.21,0.2195,10
2022-11-21 18:00:00,30.81,0.938,10
2022-11-22 00:00:00,-2.58,-0.0785,10
2022-11-22 06:00:00,-0.1778,-0.0054,9
2022-11-22 12:00:00,11.1111,0.3383,9
2022-11-22 18:00:00,26.0667,0.7936,12
2022-11-23 00:00:00,-0.6222,-0.0189,9
2022-11-23 06:00:00,-0.475,-0.0145,8
2022-11-23 12:00:00,13.3636,0.4068,11
2022-11-23 18:00:00,22.7667,0.6931,9
2022-11-24 00:00:00,13.4,0.4079,10
2022-11-24 06:00:00,14.6,0.4445,5
2022-11-24 12:00:00,24.4455,0.7442,11
2022-11-24 18:00:00,41.35,1.2589,12
2022-11-25 00:00:00,3.19,0.0971,10
2022-11-25 06:00:00,1.65,0.0502,6
2022-11-25 12:00:00,8.6091,0.2621,11
2022-11-25 18:00:00,29.62,0.9018,10
2022-11-26 00:00:00,-5.2375,-0.1595,8
2022-11-26 06:00:00,-1.5455,-0.047,11
2022-11-26 12:00:00,13.44,0.4092,10
2022-11-26 18:00:00,26.7167,0.8134,12
2022-11-27 00:00:00,8.1667,0.2486,9
2022-11-27 06:00:00,-0.5375,-0.0164,8
2022-11-27 12:00:00,26.5333,0.8078,12
2022-11-27 18:00:00,42.3833,1.2903,12
2022-11-28 00:00:00,6.5556,0.1996,9
2022-11-28 06:00:00,5.3875,0.164,8
2022-11-28 12:00:00,8.1909,0.2494,11
2022-11-28 18:00:00,40.7636,1.241,11
2022-11-29 00:00:00,6.825,0.2078,8
2022-11-29 06:00:00,23.5364,0.7165,11
2022-11-29 12:00:00,19.7273,0.6006,11
2022-11-29 18:00:00,21.81,0.664,10
2022-11-30 00:00:00,-0.0889,-0.0027,9
2022-11-30 06:00:00,0.3333,0.0101,9
2022-11-30 12:00:00,-0.3667,-0.0112,6
2022-11-30 18:00:00,2.3125,0.0704,8
2022-12-01 00:00:00,0.8333,0.0254,9
2022-12-01 06:00:00,-3.01,-0.0916,10
2022-12-01 12:00:00,0.4143,0.0126,7
2022-12-01 18:00:00,14.18,0.4317,10
2022-12-02 00:00:00,44.74,1.3621,10
2022-12-02 06:00:00,34.2364,1.0423,11
2022-12-02 12:00:00,35.11,1.0689,10
2022-12-02 18:00:00,49.5833,1.5095,12
2022-12-03 00:00:00,18.1,0.551,9
2022-12-03 06:00:00,0.4286,0.013,7
2022-12-03 12:00:00,-7.775,-0.2367,8
2022-12-03 18:00:00,4.15,0.1263,6
2022-12-04 00:00:00,1.3778,0.0419,9
2022-12-04 06:00:00,-0.775,-0.0236,8
2022-12-04 12:00:00,-10.51,-0.32,10
2022-12-04 18:00:00,0.7375,0.0225,8
2022-12-05 00:00:00,4.2667,0.1299,6
2022-12-05 06:00:00,-0.88,-0.0268,10
2022-12-05 12:00:00,38.28,1.1654,5
2022-12-05 18:00:00,9.1,0.277,1
2022-12-06 00:00:00,8.4625,0.2576,8
2022-12-06 06:00:00,33.0667,1.0067,12
2022-12-06 12:00:00,11.92,0.3629,10
2022-12-06 18:00:00,21.4889,0.6542,9
2022-12-07 00:00:00,-29.18,-0.8884,5
2022-12-07 06:00:00,,,0
2022-12-07 12:00:00,4.6,0.14,2
2022-12-07 18:00:00,3.4,0.1035,7
2022-12-08 00:00:00,0.7,0.0213,10
2022-12-08 06:00:00,11.9667,0.3643,9
2022-12-08 12:00:00,19.7778,0.6021,9
2022-12-08 18:00:00,18.9364,0.5765,11
2022-12-09 00:00:00,0.6857,0.0209,7
2022-12-09 06:00:00,-0.3,-0.0091,6
2022-12-09 12:00:00,1.3909,0.0423,11
2022-12-09 18:00:00,-5.8111,-0.1769,9
2022-12-10 00:00:00,-5.62,-0.1711,10
2022-12-10 06:00:00,0.2429,0.0074,7
2022-12-10 12:00:00,-0.3444,-0.0105,9
2022-12-10 18:00:00,0.9909,0.0302,11
2022-12-11 00:00:00,-8.8,-0.2679,12
2022-12-11 06:00:00,-1.6833,-0.0512,6
2022-12-11 12:00:00,-0.79,-0.0241,10
2022-12-11 18:00:00,5.7625,0.1754,8
2022-12-12 00:00:00,-14.29,-0.435,10
2022-12-12 06:00:00,6.8833,0.2096,6
2022-12-12 12:00:00,8.2818,0.2521,11
2022-12-12 18:00:00,19.48,0.593,10
2022-12-13 00:00:00,27.525,0.838,12
2022-12-13 06:00:00,6.7333,0.205,12
2022-12-13 12:00:00,9.02,0.2746,10
2022-12-13 18:00:00,26.425,0.8045,12
2022-12-14 00:00:00,10.81,0.3291,10
2022-12-14 06:00:00,10.3455,0.315,11
2022-12-14 12:00:00,12.7727,0.3889,11
2022-12-14 18:00:00,22.2364,0.677,11
2022-12-15 00:00:00,-2.1429,-0.0652,7
2022-12-15 06:00:00,-0.0571,-0.0017,7
2022-12-15 12:00:00,-0.6,-0.0183,7
2022-12-15 18:00:00,21.26,0.6472,10
2022-12-16 00:00:00,8.6909,0.2646,11
2022-12-16 06:00:00,-1.5182,-0.0462,11
2022-12-16 12:00:00,3.2222,0.0981,9
2022-12-16 18:00:00,8.4,0.2557,11
2022-12-17 00:00:00,-2.1583,-0.0657,12
2022-12-17 06:00:00,4.3,0.1309,6
2022-12-17 12:00:00,0.37,0.0113,10
2022-12-17 18:00:00,1.2778,0.0389,9
2022-12-18 00:00:00,-1.13,-0.0344,10
2022-12-18 06:00:00,2.8111,0.0856,9
2022-12-18 12:00:00,1.15,0.035,10
2022-12-18 18:00:00,1.1,0.0335,4
2022-12-19 00:00:00,-1.96,-0.0597,10
2022-12-19 06:00:00,-2.1,-0.0639,10
2022-12-19 12:00:00,-0.0667,-0.002,9
2022-12-19 18:00:00,3.89,0.1184,10
2022-12-20 00:00:00,-0.625,-0.019,8
2022-12-20 06:00:00,2.0857,0.0635,7
2022-12-20 12:00:00,1.125,0.0342,8
2022-12-20 18:00:00,1.9818,0.0603,11
2022-12-21 00:00:00,9.1778,0.2794,9
2022-12-21 06:00:00,-48.2,-1.4674,1
2022-12-21 12:00:00,12.92,0.3933,10
2022-12-21 18:00:00,36.6333,1.1153,12
2022-12-22 00:00:00,80.3333,2.4457,9
2022-12-22 06:00:00,132.0583,4.0204,12
2022-12-22 12:00:00,79.3889,2.4169,9
2022-12-22 18:00:00,36.3727,1.1073,11
2022-12-23 00:00:00,16.9273,0.5153,11
2022-12-23 06:00:00,8.3667,0.2547,9
2022-12-23 12:00:00,0.1875,0.0057,8
2022-12-23 18:00:00,6.81,0.2073,10
2022-12-24 00:00:00,0.9222,0.0281,9
2022-12-24 06:00:00,0.7,0.0213,6
2022-12-24 12:00:00,7.78,0.2369,5
2022-12-24 18:00:00,88.6556,2.699,9
2022-12-25 00:00:00,-1.5,-0.0457,8
2022-12-25 06:00:00,-4.5375,-0.1381,8
2022-12-25 12:00:00,-16.5143,-0.5028,7
2022-12-25 18:00:00,22.3182,0.6795,11
2022-12-26 00:00:00,1.02,0.0311,10
2022-12-26 06:00:00,3.3417,0.1017,12
2022-12-26 12:00:00,2.3375,0.0712,8
2022-12-26 18:00:00,2.6727,0.0814,11
2022-12-27 00:00:00,2.7,0.0822,9
2022-12-27 06:00:00,-0.6,-0.0183,7
2022-12-27 12:00:00,1.65,0.0502,12
2022-12-27 18:00:00,29.7,0.9042,9
2022-12-28 00:00:00,-0.3,-0.0091,3
2022-12-28 06:00:00,16.3667,0.4983,3
2022-12-28 12:00:00,-31.1333,-0.9478,3
2022-12-28 18:00:00,-9.7143,-0.2957,7
2022-12-29 00:00:00,8.15,0.2481,6
2022-12-29 06:00:00,4.5667,0.139,9
2022-12-29 12:00:00,6.8714,0.2092,7
2022-12-29 18:00:00,15.0636,0.4586,11
2022-12-30 00:00:00,0.0667,0.002,6
2022-12-30 06:00:00,2.4,0.0731,9
2022-12-30 12:00:00,1.4,0.0426,2
2022-12-30 18:00:00,,,0
2022-12-31 00:00:00,,,0
2022-12-31 06:00:00,,,0
2022-12-31 12:00:00,-39.3,-1.1964,1
2022-12-31 18:00:00,21.55,0.6561,2
2023-01-01 00:00:00,,,0
2023-01-01 06:00:00,,,0
2023-01-01 12:00:00,97.2333,2.9602,6
2023-01-01 18:00:00,1.125,0.0342,4
2023-01-02 00:00:00,,,0
2023-01-02 06:00:00,,,0
2023-01-02 12:00:00,17.2,0.5236,1
2023-01-02 18:00:00,6.7833,0.2065,6
2023-01-03 00:00:00,8.7333,0.2659,6
2023-01-03 06:00:00,,,0
2023-01-03 12:00:00,,,0
2023-01-03 18:00:00,5.75,0.1751,2
2023-01-04 00:00:00,15.92,0.4847,10
2023-01-04 06:00:00,13.475,0.4102,12
2023-01-04 12:00:00,12.0833,0.3679,12
2023-01-04 18:00:00,23.125,0.704,12
2023-01-05 00:00:00,-1.25,-0.0381,8
2023-01-05 06:00:00,-0.1333,-0.0041,12
2023-01-05 12:00:00,-1.6818,-0.0512,11
2023-01-05 18:00:00,3.0667,0.0934,9
2023-01-06 00:00:00,-5.7571,-0.1753,7
2023-01-06 06:00:00,-3.8667,-0.1177,3
2023-01-06 12:00:00,,,0
2023-01-06 18:00:00,,,0
2023-01-07 00:00:00,,,0
2023-01-07 06:00:00,,,0
2023-01-07 12:00:00,,,0
2023-01-07 18:00:00,0.2429,0.0074,7
2023-01-08 00:00:00,0.4333,0.0132,6
2023-01-08 06:00:00,2.82,0.0859,10
2023-01-08 12:00:00,-0.9375,-0.0285,8
2023-01-08 18:00:00,0.9667,0.0294,6
2023-01-09 00:00:00,-8.9375,-0.2721,8
2023-01-09 06:00:00,-2.6625,-0.0811,8
2023-01-09 12:00:00,0.1,0.003,8
2023-01-09 18:00:00,3.6833,0.1121,6
2023-01-10 00:00:00,-13.18,-0.4013,10
2023-01-10 06:00:00,,,0
2023-01-10 12:00:00,51.4,1.5648,1
2023-01-10 18:00:00,25.36,0.7721,5
2023-01-11 00:00:00,11.4,0.3471,8
2023-01-11 06:00:00,-10.5,-0.3197,6
2023-01-11 12:00:00,14.8286,0.4514,7
2023-01-11 18:00:00,25.4727,0.7755,11
2023-01-12 00:00:00,6.8455,0.2084,11
2023-01-12 06:00:00,-2.5571,-0.0778,7
2023-01-12 12:00:00,1.8111,0.0551,9
2023-01-12 18:00:00,-0.3556,-0.0108,9
2023-01-13 00:00:00,0.5375,0.0164,8
2023-01-13 06:00:00,4.45,0.1355,6
2023-01-13 12:00:00,-0.4667,-0.0142,9
2023-01-13 18:00:00,1.4625,0.0445,8
2023-01-14 00:00:00,-7.5833,-0.2309,6
2023-01-14 06:00:00,1.7625,0.0537,8
2023-01-14 12:00:00,-2.9111,-0.0886,9
2023-01-14 18:00:00,6.8222,0.2077,9
2023-01-15 00:00:00,7.2571,0.2209,7
2023-01-15 06:00:00,7.7143,0.2349,7
2023-01-15 12:00:00,-22.6,-0.688,1
2023-01-15 18:00:00,12.9111,0.3931,9
2023-01-16 00:00:00,-20.05,-0.6104,4
2023-01-16 06:00:00,,,0
2023-01-16 12:00:00,,,0
2023-01-16 18:00:00,-6.1,-0.1857,1
2023-01-17 00:00:00,2.8,0.0852,1
2023-01-17 06:00:00,,,0
2023-01-17 12:00:00,,,0
2023-01-17 18:00:00,13.05,0.3973,6
2023-01-18 00:00:00,9.9778,0.3038,9
2023-01-18 06:00:00,1.0167,0.031,12
2023-01-18 12:00:00,11.8583,0.361,12
2023-01-18 18:00:00,26.4455,0.8051,11
2023-01-19 00:00:00,-0.875,-0.0266,8
2023-01-19 06:00:00,-1.875,-0.0571,8
2023-01-19 12:00:00,4.9111,0.1495,9
2023-01-19 18:00:00,-1.1545,-0.0351,11
2023-01-20 00:00:00,-2.98,-0.0907,10
2023-01-20 06:00:00,-3.7,-0.1126,8
2023-01-20 12:00:00,-2.15,-0.0655,6
2023-01-20 18:00:00,1.8857,0.0574,7
2023-01-21 00:00:00,-9.1667,-0.2791,3
2023-01-21 06:00:00,-6.6111,-0.2013,9
2023-01-21 12:00:00,-8.2,-0.2496,12
2023-01-21 18:00:00,6.1636,0.1876,11
2023-01-22 00:00:00,6.03,0.1836,10
2023-01-22 06:00:00,-0.97,-0.0295,10
2023-01-22 12:00:00,0.475,0.0145,4
2023-01-22 18:00:00,1.5111,0.046,9
2023-01-23 00:00:00,2.4778,0.0754,9
2023-01-23 06:00:00,-2.23,-0.0679,10
2023-01-23 12:00:00,0.6143,0.0187,7
2023-01-23 18:00:00,3.9875,0.1214,8
2023-01-24 00:00:00,-2.25,-0.0685,8
2023-01-24 06:00:00,1.8417,0.0561,12
2023-01-24 12:00:00,0.7,0.0213,5
2023-01-24 18:00:00,13.9083,0.4234,12
2023-01-25 00:00:00,-1.85,-0.0563,10
2023-01-25 06:00:00,0.325,0.0099,8
2023-01-25 12:00:00,4.46,0.1358,10
2023-01-25 18:00:00,11.2091,0.3412,11
2023-01-26 00:00:00,-0.5875,-0.0179,8
2023-01-26 06:00:00,-1.7222,-0.0524,9
2023-01-26 12:00:00,2.34,0.0712,5
2023-01-26 18:00:00,8.2714,0.2518,7
2023-01-27 00:00:00,-1.2125,-0.0369,8
2023-01-27 06:00:00,-2.0667,-0.0629,9
2023-01-27 12:00:00,0.1455,0.0044,11
2023-01-27 18:00:00,17.075,0.5198,8
2023-01-28 00:00:00,10.1909,0.3103,11
2023-01-28 06:00:00,13.2222,0.4025,9
2023-01-28 12:00:00,2.84,0.0865,5
2023-01-28 18:00:00,13.7571,0.4188,7
2023-01-29 00:00:00,11.4143,0.3475,7
2023-01-29 06:00:00,-0.6,-0.0183,6
2023-01-29 12:00:00,0.0778,0.0024,9
2023-01-29 18:00:00,8.4727,0.2579,11
2023-01-30 00:00:00,13.7429,0.4184,7
2023-01-30 06:00:00,10.17,0.3096,10
2023-01-30 12:00:00,7.1333,0.2172,9
2023-01-30 18:00:00,39.43,1.2004,10
2023-01-31 00:00:00,15.9333,0.4851,3
2023-01-31 06:00:00,16.275,0.4955,12
2023-01-31 12:00:00,-1.68,-0.0511,5
2023-01-31 18:00:00,-3.6375,-0.1107,8
2023-02-01 00:00:00,-1.325,-0.0403,8
2023-02-01 06:00:00,1.1143,0.0339,7
2023-02-01 12:00:00,1.2364,0.0376,11
2023-02-01 18:00:00,2.925,0.089,12
2023-02-02 00:00:00,-28.74,-0.875,5
2023-02-02 06:00:00,3.4667,0.1055,12
2023-02-02 12:00:00,0.4556,0.0139,9
2023-02-02 18:00:00,2.75,0.0837,10
2023-02-03 00:00:00,-9.5,-0.2892,11
2023-02-03 06:00:00,-0.3333,-0.0101,9
2023-02-03 12:00:00,-3.3556,-0.1022,9
2023-02-03 18:00:00,-0.8,-0.0244,8
2023-02-04 00:00:00,-2.7375,-0.0833,8
2023-02-04 06:00:00,-3.6429,-0.1109,7
2023-02-04 12:00:00,-0.9625,-0.0293,8
2023-02-04 18:00:00,21.0417,0.6406,12
2023-02-05 00:00:00,1.8714,0.057,7
2023-02-05 06:00:00,-1.7455,-0.0531,11
2023-02-05 12:00:00,-1.4667,-0.0447,6
2023-02-05 18:00:00,29.3636,0.8939,11
2023-02-06 00:00:00,21.6545,0.6593,11
2023-02-06 06:00:00,13.9143,0.4236,7
2023-02-06 12:00:00,11.1455,0.3393,11
2023-02-06 18:00:00,19.5727,0.5959,11
2023-02-07 00:00:00,-3.15,-0.0959,8
2023-02-07 06:00:00,-0.76,-0.0231,10
2023-02-07 12:00:00,2.0556,0.0626,9
2023-02-07 18:00:00,2.26,0.0688,10
2023-02-08 00:00:00,-0.5857,-0.0178,7
2023-02-08 06:00:00,1.9571,0.0596,7
2023-02-08 12:00:00,0.8429,0.0257,7
2023-02-08 18:00:00,18.8917,0.5751,12
2023-02-09 00:00:00,23.875,0.7268,8
2023-02-09 06:00:00,7.7273,0.2352,11
2023-02-09 12:00:00,16.0,0.4871,11
2023-02-09 18:00:00,26.15,0.7961,12
2023-02-10 00:00:00,-1.6333,-0.0497,9
2023-02-10 06:00:00,0.675,0.0205,8
2023-02-10 12:00:00,-0.8333,-0.0254,6
2023-02-10 18:00:00,4.8,0.1461,12
2023-02-11 00:00:00,-10.1556,-0.3092,9
2023-02-11 06:00:00,-0.9444,-0.0288,9
2023-02-11 12:00:00,0.9,0.0274,10
2023-02-11 18:00:00,-2.3,-0.07,7
2023-02-12 00:00:00,-7.5,-0.2283,8
2023-02-12 06:00:00,-0.0875,-0.0027,8
2023-02-12 12:00:00,-2.7,-0.0822,10
2023-02-12 18:00:00,2.3667,0.0721,9
2023-02-13 00:00:00,0.0833,0.0025,6
2023-02-13 06:00:00,-1.8286,-0.0557,7
2023-02-13 12:00:00,1.24,0.0378,10
2023-02-13 18:00:00,6.2667,0.1908,3
2023-02-14 00:00:00,12.45,0.379,2
2023-02-14 06:00:00,-6.4167,-0.1953,6
2023-02-14 12:00:00,18.5625,0.5651,8
2023-02-14 18:00:00,20.28,0.6174,10
2023-02-15 00:00:00,37.8667,1.1528,3
2023-02-15 06:00:00,16.1333,0.4912,3
2023-02-15 12:00:00,12.8333,0.3907,9
2023-02-15 18:00:00,9.7182,0.2959,11
2023-02-16 00:00:00,1.4,0.0426,9
2023-02-16 06:00:00,-2.6778,-0.0815,9
2023-02-16 12:00:00,2.2556,0.0687,9
2023-02-16 18:00:00,19.9818,0.6083,11
2023-02-17 00:00:00,0.2,0.0061,7
2023-02-17 06:00:00,3.8429,0.117,7
2023-02-17 12:00:00,0.6429,0.0196,7
2023-02-17 18:00:00,3.51,0.1069,10
2023-02-18 00:00:00,-2.75,-0.0837,8
2023-02-18 06:00:00,-0.425,-0.0129,8
2023-02-18 12:00:00,0.08,0.0024,10
2023-02-18 18:00:00,23.65,0.72,10
2023-02-19 00:00:00,9.01,0.2743,10
2023-02-19 06:00:00,23.0818,0.7027,11
2023-02-19 12:00:00,29.6333,0.9022,12
2023-02-19 18:00:00,40.6545,1.2377,11
2023-02-20 00:00:00,8.76,0.2667,10
2023-02-20 06:00:00,13.66,0.4159,10
2023-02-20 12:00:00,15.7727,0.4802,11
2023-02-20 18:00:00,-88.64,-2.6986,5
2023-02-21 00:00:00,-2.65,-0.0807,10
2023-02-21 06:00:00,3.0,0.0913,10
2023-02-21 12:00:00,11.5727,0.3523,11
2023-02-21 18:00:00,25.3,0.7702,10
2023-02-22 00:00:00,19.4125,0.591,8
2023-02-22 06:00:00,-0.0583,-0.0018,12
2023-02-22 12:00:00,5.3917,0.1641,12
2023-02-22 18:00:00,49.5,1.507,11
2023-02-23 00:00:00,25.8444,0.7868,9
2023-02-23 06:00:00,33.5,1.0199,8
2023-02-23 12:00:00,12.5364,0.3817,11
2023-02-23 18:00:00,4.5909,0.1398,11
2023-02-24 00:00:00,2.99,0.091,10
2023-02-24 06:00:00,-2.0455,-0.0623,11
2023-02-24 12:00:00,17.9444,0.5463,9
2023-02-24 18:00:00,15.9333,0.4851,9
2023-02-25 00:00:00,-1.7714,-0.0539,7
2023-02-25 06:00:00,-3.2625,-0.0993,8
2023-02-25 12:00:00,-2.3333,-0.071,6
2023-02-25 18:00:00,3.17,0.0965,10
2023-02-26 00:00:00,-6.4222,-0.1955,9
2023-02-26 06:00:00,-3.79,-0.1154,10
2023-02-26 12:00:00,3.76,0.1145,10
2023-02-26 18:00:00,20.0,0.6089,7
2023-02-27 00:00:00,12.15,0.3699,10
2023-02-27 06:00:00,5.4571,0.1661,7
2023-02-27 12:00:00,-1.8111,-0.0551,9
2023-02-27 18:00:00,18.6,0.5663,12
2023-02-28 00:00:00,-4.41,-0.1343,10
2023-02-28 06:00:00,16.1111,0.4905,9
2023-02-28 12:00:00,50.03,1.5231,10
2023-02-28 18:00:00,20.2667,0.617,12
2023-03-01 00:00:00,2.83,0.0862,10
2023-03-01 06:00:00,-6.6625,-0.2028,8
2023-03-01 12:00:00,,,0
2023-03-01 18:00:00,,,0
2023-03-02 00:00:00,,,0
2023-03-02 06:00:00,,,0
2023-03-02 12:00:00,,,0
2023-03-02 18:00:00,12.8667,0.3917,6
2023-03-03 00:00:00,2.675,0.0814,12
2023-03-03 06:00:00,3.3667,0.1025,6
2023-03-03 12:00:00,-0.2667,-0.0081,6
2023-03-03 18:00:00,16.65,0.5069,8
2023-03-04 00:00:00,-0.75,-0.0228,10
2023-03-04 06:00:00,-16.1,-0.4901,2
2023-03-04 12:00:00,6.325,0.1926,4
2023-03-04 18:00:00,5.8182,0.1771,11
2023-03-05 00:00:00,28.96,0.8817,10
2023-03-05 06:00:00,43.1273,1.313,11
2023-03-05 12:00:00,20.2,0.615,10
2023-03-05 18:00:00,30.1091,0.9166,11
2023-03-06 00:00:00,24.4545,0.7445,11
2023-03-06 06:00:00,10.83,0.3297,10
2023-03-06 12:00:00,21.12,0.643,10
2023-03-06 18:00:00,60.6909,1.8477,11
2023-03-07 00:00:00,16.54,0.5035,10
2023-03-07 06:00:00,14.4083,0.4386,12
2023-03-07 12:00:00,24.0091,0.7309,11
2023-03-07 18:00:00,77.5667,2.3614,3
2023-03-08 00:00:00,,,0
2023-03-08 06:00:00,-1.6444,-0.0501,9
2023-03-08 12:00:00,0.39,0.0119,10
2023-03-08 18:00:00,41.2083,1.2545,12
2023-03-09 00:00:00,33.77,1.0281,10
2023-03-09 06:00:00,28.5545,0.8693,11
2023-03-09 12:00:00,16.9083,0.5148,12
2023-03-09 18:00:00,38.7,1.1782,12
2023-03-10 00:00:00,0.2857,0.0087,7
2023-03-10 06:00:00,3.8,0.1157,10
2023-03-10 12:00:00,9.6167,0.2928,6
2023-03-10 18:00:00,,,0
2023-03-11 00:00:00,,,0
2023-03-11 06:00:00,51.3,1.5618,2
2023-03-11 12:00:00,78.66,2.3947,5
2023-03-11 18:00:00,33.6091,1.0232,11
2023-03-12 00:00:00,-9.1,-0.277,7
2023-03-12 06:00:00,11.1167,0.3384,6
2023-03-12 12:00:00,-0.9333,-0.0284,3
2023-03-12 18:00:00,,,0
2023-03-13 00:00:00,17.4833,0.5323,6
2023-03-13 06:00:00,1.6222,0.0494,9
2023-03-13 12:00:00,8.0,0.2436,4
2023-03-13 18:00:00,29.78,0.9066,10
2023-03-14 00:00:00,7.875,0.2397,8
2023-03-14 06:00:00,-0.575,-0.0175,8
2023-03-14 12:00:00,-0.8857,-0.027,7
2023-03-14 18:00:00,8.7818,0.2674,11
2023-03-15 00:00:00,6.5875,0.2005,8
2023-03-15 06:00:00,-2.9,-0.0883,2
2023-03-15 12:00:00,,,0
2023-03-15 18:00:00,,,0
2023-03-16 00:00:00,,,0
2023-03-16 06:00:00,44.5667,1.3568,3
2023-03-16 12:00:00,19.4,0.5906,9
2023-03-16 18:00:00,41.2417,1.2556,12
2023-03-17 00:00:00,3.61,0.1099,10
2023-03-17 06:00:00,1.2571,0.0383,7
2023-03-17 12:00:00,1.6875,0.0514,8
2023-03-17 18:00:00,42.8364,1.3041,11
2023-03-18 00:00:00,1.5333,0.0467,9
2023-03-18 06:00:00,-4.4875,-0.1366,8
2023-03-18 12:00:00,-1.7667,-0.0538,6
2023-03-18 18:00:00,24.5667,0.7479,9
2023-03-19 00:00:00,-1.07,-0.0326,10
2023-03-19 06:00:00,-1.56,-0.0475,10
2023-03-19 12:00:00,0.4,0.0122,8
2023-03-19 18:00:00,18.3917,0.5599,12
2023-03-20 00:00:00,-0.625,-0.019,8
2023-03-20 06:00:00,0.85,0.0259,8
2023-03-20 12:00:00,,,0
2023-03-20 18:00:00,57.65,1.7551,6
2023-03-21 00:00:00,-10.12,-0.3081,10
2023-03-21 06:00:00,70.3667,2.1422,6
2023-03-21 12:00:00,-3.3875,-0.1031,8
2023-03-21 18:00:00,8.575,0.2611,8
2023-03-22 00:00:00,-14.0,-0.4262,1
2023-03-22 06:00:00,55.2333,1.6815,6
2023-03-22 12:00:00,26.7667,0.8149,9
2023-03-22 18:00:00,41.6667,1.2685,3
2023-03-23 00:00:00,25.0778,0.7635,9
2023-03-23 06:00:00,7.5455,0.2297,11
2023-03-23 12:00:00,0.0571,0.0017,7
2023-03-23 18:00:00,12.0,0.3653,12
2023-03-24 00:00:00,8.6571,0.2636,7
2023-03-24 06:00:00,-2.2125,-0.0674,8
2023-03-24 12:00:00,6.7667,0.206,9
2023-03-24 18:00:00,27.3083,0.8314,12
2023-03-25 00:00:00,27.4714,0.8363,7
2023-03-25 06:00:00,15.3727,0.468,11
2023-03-25 12:00:00,14.2,0.4323,11
2023-03-25 18:00:00,31.5083,0.9592,12
2023-03-26 00:00:00,6.6571,0.2027,7
2023-03-26 06:00:00,3.4143,0.1039,7
2023-03-26 12:00:00,0.9143,0.0278,7
2023-03-26 18:00:00,3.0,0.0913,1
2023-03-27 00:00:00,2.1,0.0639,1
2023-03-27 06:00:00,9.65,0.2938,8
2023-03-27 12:00:00,13.1727,0.401,11
2023-03-27 18:00:00,27.8167,0.8468,12
2023-03-28 00:00:00,3.8333,0.1167,9
2023-03-28 06:00:00,2.9333,0.0893,9
2023-03-28 12:00:00,1.4556,0.0443,9
2023-03-28 18:00:00,19.2182,0.5851,11
2023-03-29 00:00:00,-10.6625,-0.3246,8
2023-03-29 06:00:00,-4.1875,-0.1275,8
2023-03-29 12:00:00,1.7273,0.0526,11
2023-03-29 18:00:00,6.4667,0.1969,9
2023-03-30 00:00:00,-4.2,-0.1279,9
2023-03-30 06:00:00,-1.53,-0.0466,10
2023-03-30 12:00:00,26.6636,0.8117,11
2023-03-30 18:00:00,44.31,1.349,10
2023-03-31 00:00:00,14.8286,0.4514,7
2023-03-31 06:00:00,22.4091,0.6822,11
2023-03-31 12:00:00,27.0167,0.8225,12
2023-03-31 18:00:00,26.1833,0.7971,12
2023-04-01 00:00:00,25.92,0.7891,10
2023-04-01 06:00:00,8.7857,0.2675,7
2023-04-01 12:00:00,0.6889,0.021,9
2023-04-01 18:00:00,14.975,0.4559,12
2023-04-02 00:00:00,15.1333,0.4607,6
2023-04-02 06:00:00,1.1333,0.0345,6
2023-04-02 12:00:00,13.2909,0.4046,11
2023-04-02 18:00:00,59.8667,1.8226,12
2023-04-03 00:00:00,25.8182,0.786,11
2023-04-03 06:00:00,26.6417,0.8111,12
2023-04-03 12:00:00,14.0273,0.427,11
2023-04-03 18:00:00,37.9583,1.1556,12
2023-04-04 00:00:00,48.6455,1.481,11
2023-04-04 06:00:00,18.3444,0.5585,9
2023-04-04 12:00:00,30.8444,0.939,9
2023-04-04 18:00:00,11.29,0.3437,10
2023-04-05 00:00:00,14.725,0.4483,8
2023-04-05 06:00:00,-1.2222,-0.0372,9
2023-04-05 12:00:00,5.27,0.1604,10
2023-04-05 18:00:00,34.8727,1.0617,11
2023-04-06 00:00:00,1.16,0.0353,10
2023-04-06 06:00:00,1.35,0.0411,10
2023-04-06 12:00:00,2.3556,0.0717,9
2023-04-06 18:00:00,15.1111,0.46,9
2023-04-07 00:00:00,1.0667,0.0325,9
2023-04-07 06:00:00,-1.69,-0.0515,10
2023-04-07 12:00:00,-0.5111,-0.0156,9
2023-04-07 18:00:00,15.56,0.4737,10
2023-04-08 00:00:00,10.0222,0.3051,9
2023-04-08 06:00:00,-1.8111,-0.0551,9
2023-04-08 12:00:00,2.1222,0.0646,9
2023-04-08 18:00:00,42.65,1.2984,12
2023-04-09 00:00:00,8.4667,0.2578,9
2023-04-09 06:00:00,2.075,0.0632,8
2023-04-09 12:00:00,8.3182,0.2532,11
2023-04-09 18:00:00,38.3,1.166,12
2023-04-10 00:00:00,8.38,0.2551,10
2023-04-10 06:00:00,2.2667,0.069,6
2023-04-10 12:00:00,6.1333,0.1867,9
2023-04-10 18:00:00,3.6375,0.1107,8
2023-04-11 00:00:00,1.875,0.0571,8
2023-04-11 06:00:00,-2.7,-0.0822,9
2023-04-11 12:00:00,2.1375,0.0651,8
2023-04-11 18:00:00,37.58,1.1441,5
2023-04-12 00:00:00,-5.0727,-0.1544,11
2023-04-12 06:00:00,-1.0556,-0.0321,9
2023-04-12 12:00:00,-0.82,-0.025,10
2023-04-12 18:00:00,27.3889,0.8338,9
2023-04-13 00:00:00,6.6333,0.2019,6
2023-04-13 06:00:00,-1.9182,-0.0584,11
2023-04-13 12:00:00,23.1556,0.7049,9
2023-04-13 18:00:00,81.0727,2.4682,11
2023-04-14 00:00:00,31.3182,0.9534,11
2023-04-14 06:00:00,6.0625,0.1846,8
2023-04-14 12:00:00,19.99,0.6086,10
2023-04-14 18:00:00,60.12,1.8303,10
2023-04-15 00:00:00,14.7429,0.4488,7
2023-04-15 06:00:00,32.2857,0.9829,7
2023-04-15 12:00:00,18.4,0.5602,9
2023-04-15 18:00:00,48.7,1.4826,12
2023-04-16 00:00:00,7.2222,0.2199,9
2023-04-16 06:00:00,-1.9,-0.0578,9
2023-04-16 12:00:00,3.39,0.1032,10
2023-04-16 18:00:00,20.8,0.6332,12
2023-04-17 00:00:00,1.8833,0.0573,6
2023-04-17 06:00:00,-0.53,-0.0161,10
2023-04-17 12:00:00,0.0111,0.0003,9
2023-04-17 18:00:00,14.8889,0.4533,9
2023-04-18 00:00:00,17.4375,0.5309,8
2023-04-18 06:00:00,-2.8167,-0.0858,6
2023-04-18 12:00:00,28.6909,0.8735,11
2023-04-18 18:00:00,94.1091,2.8651,11
2023-04-19 00:00:00,73.0,2.2224,10
2023-04-19 06:00:00,35.6182,1.0844,11
2023-04-19 12:00:00,44.3273,1.3495,11
2023-04-19 18:00:00,57.1545,1.74,11
2023-04-20 00:00:00,25.89,0.7882,10
2023-04-20 06:00:00,9.3909,0.2859,11
2023-04-20 12:00:00,19.9,0.6058,11
2023-04-20 18:00:00,39.7636,1.2106,11
2023-04-21 00:00:00,10.4375,0.3178,8
2023-04-21 06:00:00,0.3333,0.0101,9
2023-04-21 12:00:00,-2.86,-0.0871,10
2023-04-21 18:00:00,25.675,0.7816,12
2023-04-22 00:00:00,8.7,0.2649,7
2023-04-22 06:00:00,3.2333,0.0984,6
2023-04-22 12:00:00,9.44,0.2874,10
2023-04-22 18:00:00,40.9444,1.2465,9
2023-04-23 00:00:00,18.8909,0.5751,11
2023-04-23 06:00:00,9.1833,0.2796,6
2023-04-23 12:00:00,2.6889,0.0819,9
2023-04-23 18:00:00,26.69,0.8125,10
2023-04-24 00:00:00,4.72,0.1437,10
2023-04-24 06:00:00,0.7625,0.0232,8
2023-04-24 12:00:00,8.3333,0.2537,9
2023-04-24 18:00:00,23.21,0.7066,10
2023-04-25 00:00:00,-5.075,-0.1545,4
2023-04-25 06:00:00,5.2,0.1583,3
2023-04-25 12:00:00,1.4636,0.0446,11
2023-04-25 18:00:00,17.625,0.5366,12
2023-04-26 00:00:00,19.8667,0.6048,9
2023-04-26 06:00:00,14.4,0.4384,1
2023-04-26 12:00:00,34.6,1.0534,9
2023-04-26 18:00:00,24.625,0.7497,12
2023-04-27 00:00:00,10.1182,0.308,11
2023-04-27 06:00:00,-2.7889,-0.0849,9
2023-04-27 12:00:00,25.7222,0.7831,9
2023-04-27 18:00:00,80.0,2.4355,12
2023-04-28 00:00:00,84.41,2.5698,10
2023-04-28 06:00:00,35.6333,1.0848,9
2023-04-28 12:00:00,26.83,0.8168,10
2023-04-28 18:00:00,95.1667,2.8973,12
2023-04-29 00:00:00,24.6273,0.7498,11
2023-04-29 06:00:00,3.3,0.1005,9
2023-04-29 12:00:00,0.8714,0.0265,7
2023-04-29 18:00:00,32.9333,1.0026,12
2023-04-30 00:00:00,14.17,0.4314,10
2023-04-30 06:00:00,-0.7364,-0.0224,11
2023-04-30 12:00:00,27.69,0.843,10
2023-04-30 18:00:00,48.5167,1.477,12
2023-05-01 00:00:00,15.2222,0.4634,9
2023-05-01 06:00:00,-0.58,-0.0177,10
2023-05-01 12:00:00,-0.8778,-0.0267,9
2023-05-01 18:00:00,16.6667,0.5074,9
2023-05-02 00:00:00,10.2833,0.3131,6
2023-05-02 06:00:00,-2.1125,-0.0643,8
2023-05-02 12:00:00,-1.5556,-0.0474,9
2023-05-02 18:00:00,8.2,0.2496,6
2023-05-03 00:00:00,11.8917,0.362,12
2023-05-03 06:00:00,-0.65,-0.0198,8
2023-05-03 12:00:00,0.5222,0.0159,9
2023-05-03 18:00:00,0.9111,0.0277,9
2023-05-04 00:00:00,20.0364,0.61,11
2023-05-04 06:00:00,-1.42,-0.0432,5
2023-05-04 12:00:00,,,0
2023-05-04 18:00:00,-11.5875,-0.3528,8
2023-05-05 00:00:00,17.6778,0.5382,9
2023-05-05 06:00:00,2.5429,0.0774,7
2023-05-05 12:00:00,20.4667,0.6231,9
2023-05-05 18:00:00,47.0273,1.4317,11
2023-05-06 00:00:00,10.9455,0.3332,11
2023-05-06 06:00:00,4.4125,0.1343,8
2023-05-06 12:00:00,-4.68,-0.1425,5
2023-05-06 18:00:00,54.32,1.6537,10
2023-05-07 00:00:00,26.18,0.797,10
2023-05-07 06:00:00,20.63,0.6281,10
2023-05-07 12:00:00,13.9,0.4232,11
2023-05-07 18:00:00,12.6818,0.3861,11
2023-05-08 00:00:00,-2.64,-0.0804,10
2023-05-08 06:00:00,1.08,0.0329,5
2023-05-08 12:00:00,3.8889,0.1184,9
2023-05-08 18:00:00,38.5909,1.1749,11
2023-05-09 00:00:00,37.6444,1.146,9
2023-05-09 06:00:00,-6.1167,-0.1862,12
2023-05-09 12:00:00,4.3,0.1309,10
2023-05-09 18:00:00,39.6667,1.2076,12
2023-05-10 00:00:00,14.1,0.4293,9
2023-05-10 06:00:00,-1.4571,-0.0444,7
2023-05-10 12:00:00,24.5,0.7459,9
2023-05-10 18:00:00,83.0636,2.5288,11
2023-05-11 00:00:00,12.4333,0.3785,6
2023-05-11 06:00:00,17.04,0.5188,5
2023-05-11 12:00:00,-20.0,-0.6089,3
2023-05-11 18:00:00,88.0667,2.6811,6
2023-05-12 00:00:00,15.42,0.4694,5
2023-05-12 06:00:00,16.2917,0.496,12
2023-05-12 12:00:00,26.7182,0.8134,11
2023-05-12 18:00:00,27.1667,0.8271,12
2023-05-13 00:00:00,14.2455,0.4337,11
2023-05-13 06:00:00,2.6273,0.08,11
2023-05-13 12:00:00,10.69,0.3254,10
2023-05-13 18:00:00,29.35,0.8935,6
2023-05-14 00:00:00,-94.9286,-2.89,7
2023-05-14 06:00:00,-3.0556,-0.093,9
2023-05-14 12:00:00,28.8909,0.8796,11
2023-05-14 18:00:00,65.6182,1.9977,11
2023-05-15 00:00:00,6.9333,0.2111,12
2023-05-15 06:00:00,26.1,0.7946,5
2023-05-15 12:00:00,41.38,1.2598,10
2023-05-15 18:00:00,101.4583,3.0888,12
2023-05-16 00:00:00,16.4,0.4993,11
2023-05-16 06:00:00,0.8,0.0244,7
2023-05-16 12:00:00,50.6,1.5405,12
2023-05-16 18:00:00,147.7417,4.4978,12
2023-05-17 00:00:00,27.5182,0.8378,11
2023-05-17 06:00:00,4.51,0.1373,10
2023-05-17 12:00:00,54.1333,1.648,12
2023-05-17 18:00:00,142.8833,4.3499,12
2023-05-18 00:00:00,38.8545,1.1829,11
2023-05-18 06:00:00,5.9111,0.18,9
2023-05-18 12:00:00,64.76,1.9716,10
2023-05-18 18:00:00,160.375,4.8825,12
2023-05-19 00:00:00,37.4917,1.1414,12
2023-05-19 06:00:00,5.0571,0.154,7
2023-05-19 12:00:00,54.4167,1.6567,12
2023-05-19 18:00:00,127.91,3.8941,10
2023-05-20 00:00:00,33.8625,1.0309,8
2023-05-20 06:00:00,6.2857,0.1914,7
2023-05-20 12:00:00,45.1455,1.3744,11
2023-05-20 18:00:00,179.7417,5.4721,12
2023-05-21 00:00:00,23.91,0.7279,10
2023-05-21 06:00:00,2.5375,0.0773,8
2023-05-21 12:00:00,67.6818,2.0605,11
2023-05-21 18:00:00,118.4182,3.6051,11
2023-05-22 00:00:00,13.24,0.4031,5
2023-05-22 06:00:00,5.2818,0.1608,11
2023-05-22 12:00:00,80.1,2.4386,11
2023-05-22 18:00:00,152.6333,4.6468,9
2023-05-23 00:00:00,160.5,4.8863,6
2023-05-23 06:00:00,19.1857,0.5841,7
2023-05-23 12:00:00,91.075,2.7727,12
2023-05-23 18:00:00,160.7636,4.8943,11
2023-05-24 00:00:00,31.09,0.9465,10
2023-05-24 06:00:00,2.7125,0.0826,8
2023-05-24 12:00:00,23.25,0.7078,4
2023-05-24 18:00:00,226.6,6.8986,9
2023-05-25 00:00:00,24.44,0.7441,10
2023-05-25 06:00:00,2.2625,0.0689,8
2023-05-25 12:00:00,100.3636,3.0555,11
2023-05-25 18:00:00,231.0273,7.0334,11
2023-05-26 00:00:00,103.5444,3.1523,9
2023-05-26 06:00:00,3.12,0.095,10
2023-05-26 12:00:00,107.0,3.2575,11
2023-05-26 18:00:00,181.3727,5.5217,11
2023-05-27 00:00:00,57.07,1.7374,10
2023-05-27 06:00:00,-3.8429,-0.117,7
2023-05-27 12:00:00,84.5818,2.575,11
2023-05-27 18:00:00,198.6091,6.0465,11
2023-05-28 00:00:00,54.8778,1.6707,9
2023-05-28 06:00:00,1.8778,0.0572,9
2023-05-28 12:00:00,74.7667,2.2762,12
2023-05-28 18:00:00,209.2167,6.3694,12
2023-05-29 00:00:00,59.01,1.7965,10
2023-05-29 06:00:00,-2.46,-0.0749,5
2023-05-29 12:00:00,104.6182,3.185,11
2023-05-29 18:00:00,269.4,8.2016,12
2023-05-30 00:00:00,67.6778,2.0604,9
2023-05-30 06:00:00,-9.6,-0.2923,8
2023-05-30 12:00:00,121.4182,3.6965,11
2023-05-30 18:00:00,207.2167,6.3085,12
2023-05-31 00:00:00,74.8625,2.2791,8
2023-05-31 06:00:00,13.2375,0.403,8
2023-05-31 12:00:00,88.8889,2.7061,9
2023-05-31 18:00:00,127.5375,3.8827,8
