datetime,snow_depth_cm,skin_temp_C,air_temp_C,lw_down_wm2,lw_up_wm2,bulk_hl_wm2
2022-11-01 00:00:00,14.269,-6.37,-1.569,218.122,286.24,1.77
2022-11-01 06:00:00,14.931,-10.158,-5.165,209.557,270.328,-1.765
2022-11-01 12:00:00,14.777,-5.795,-1.963,212.489,289.293,0.043
2022-11-01 18:00:00,14.481,1.973,7.214,253.133,323.877,12.971
2022-11-02 00:00:00,14.175,-4.063,-0.445,247.27,296.539,3.877
2022-11-02 06:00:00,14.866,-8.079,-3.299,221.615,279.061,-0.413
2022-11-02 12:00:00,15.145,-4.038,-0.112,215.342,296.756,16.439
2022-11-02 18:00:00,17.401,2.919,7.178,233.448,328.014,53.667
2022-11-03 00:00:00,19.528,-4.273,2.141,236.148,295.475,0.887
2022-11-03 06:00:00,19.489,-2.084,-0.757,299.486,306.022,2.891
2022-11-03 12:00:00,19.041,-2.528,-1.361,308.802,304.196,2.148
2022-11-03 18:00:00,18.168,-3.549,-2.595,303.044,299.674,3.381
2022-11-04 00:00:00,19.43,-6.622,-4.951,287.555,278.743,-0.493
2022-11-04 06:00:00,19.226,-12.679,-8.803,271.611,258.836,-2.164
2022-11-04 12:00:00,19.074,-9.403,-7.822,279.177,274.567,10.492
2022-11-04 18:00:00,16.46,-7.741,-6.11,211.289,280.45,37.08
2022-11-05 00:00:00,16.138,-8.548,-5.768,246.441,277.514,17.404
2022-11-05 06:00:00,16.163,-7.947,-7.179,267.39,280.315,3.019
2022-11-05 12:00:00,15.481,-5.323,-5.281,287.195,291.79,7.089
2022-11-05 18:00:00,15.675,-1.983,-0.235,296.81,306.429,16.247
2022-11-06 00:00:00,15.438,-2.769,0.087,282.02,302.722,16.983
2022-11-06 06:00:00,14.999,-2.391,0.675,291.18,304.534,9.597
2022-11-06 12:00:00,14.644,-1.865,-0.019,297.951,306.997,2.545
2022-11-06 18:00:00,15.068,-0.205,0.786,318.346,314.755,3.397
2022-11-07 00:00:00,14.754,-7.848,-2.842,283.234,281.01,-3.911
2022-11-07 06:00:00,14.666,-5.857,-2.013,293.837,289.541,-0.286
2022-11-07 12:00:00,14.596,-2.048,3.299,277.229,306.111,4.778
2022-11-07 18:00:00,16.923,2.389,8.535,252.054,325.741,25.059
2022-11-08 00:00:00,17.168,-4.158,2.264,228.321,295.955,6.202
2022-11-08 06:00:00,17.982,-8.135,-1.776,216.72,278.739,-0.165
2022-11-08 12:00:00,18.36,-3.244,1.189,222.422,300.404,12.883
2022-11-08 18:00:00,20.126,4.08,8.958,232.789,333.502,81.451
2022-11-09 00:00:00,20.691,-3.648,3.781,220.427,297.986,3.475
2022-11-09 06:00:00,20.084,-4.173,2.589,220.614,295.659,6.804
2022-11-09 12:00:00,19.453,-0.058,3.779,226.071,314.419,83.944
2022-11-09 18:00:00,,4.933,5.963,253.639,338.106,134.757
2022-11-10 00:00:00,29.969,-5.765,-5.788,285.951,289.79,5.782
2022-11-10 06:00:00,27.851,-9.034,-7.521,278.412,275.952,3.98
2022-11-10 12:00:00,26.409,-9.92,-7.979,281.255,272.048,1.628
2022-11-10 18:00:00,23.574,-7.596,-6.067,282.548,282.096,11.753
2022-11-11 00:00:00,46.657,-15.299,-10.646,233.966,250.606,-1.267
2022-11-11 06:00:00,46.278,-20.969,-14.866,197.395,228.902,-1.766
2022-11-11 12:00:00,45.65,-14.864,-12.267,204.176,252.732,5.418
2022-11-11 18:00:00,24.024,-4.659,-5.39,189.973,293.458,27.547
2022-11-12 00:00:00,27.68,-14.873,-11.373,172.834,251.224,-1.022
2022-11-12 06:00:00,25.411,-19.045,-15.967,160.826,235.274,-1.402
2022-11-12 12:00:00,23.703,-12.606,-12.635,176.566,261.078,6.385
2022-11-12 18:00:00,23.019,-0.641,-0.613,212.345,311.388,25.497
2022-11-13 00:00:00,21.581,-11.166,-8.306,183.967,265.943,2.052
2022-11-13 06:00:00,27.823,-14.998,-12.17,175.183,250.675,0.665
2022-11-13 12:00:00,27.3,-8.33,-8.369,198.867,278.718,15.104
2022-11-13 18:00:00,21.134,2.298,0.451,221.727,325.18,62.328
2022-11-14 00:00:00,20.995,-6.527,-4.152,206.969,285.353,8.414
2022-11-14 06:00:00,25.965,-10.718,-8.746,186.907,267.776,1.408
2022-11-14 12:00:00,27.603,-7.648,-9.02,236.156,281.671,9.816
2022-11-14 18:00:00,,-1.933,-5.228,237.705,306.057,77.014
2022-11-15 00:00:00,16.786,-8.332,-8.218,229.163,278.162,14.236
2022-11-15 06:00:00,28.377,-12.132,-11.925,204.479,262.33,1.027
2022-11-15 12:00:00,31.398,-8.352,-10.776,201.907,278.845,25.888
2022-11-15 18:00:00,14.647,-1.029,-8.14,191.228,305.416,102.057
2022-11-16 00:00:00,22.252,-17.528,-13.595,153.634,253.238,0.266
2022-11-16 06:00:00,25.644,-18.262,-17.695,159.307,238.136,0.91
2022-11-16 12:00:00,,-10.202,-13.043,189.53,270.932,35.324
2022-11-16 18:00:00,,-0.935,-5.443,187.921,310.074,85.211
2022-11-17 00:00:00,25.601,-13.108,-11.549,172.448,258.068,3.563
2022-11-17 06:00:00,25.189,-16.836,-14.444,174.106,243.665,-0.024
2022-11-17 12:00:00,27.731,-9.891,-11.409,180.865,272.456,16.527
2022-11-17 18:00:00,22.145,-0.151,-3.52,191.491,313.58,107.926
2022-11-18 00:00:00,21.755,-10.269,-7.628,198.971,269.739,3.641
2022-11-18 06:00:00,22.508,-10.255,-9.481,234.228,270.318,2.776
2022-11-18 12:00:00,23.273,-5.551,-7.872,253.994,290.7,26.112
2022-11-18 18:00:00,20.701,-1.86,-5.409,209.084,306.2,75.632
2022-11-19 00:00:00,22.217,-13.443,-11.514,167.753,256.692,3.496
2022-11-19 06:00:00,21.82,-18.249,-16.854,160.052,238.187,0.498
2022-11-19 12:00:00,21.566,-10.869,-13.342,170.755,268.41,19.744
2022-11-19 18:00:00,,2.325,-2.195,190.291,325.129,87.709
2022-11-20 00:00:00,17.462,-12.846,-9.628,169.429,261.365,5.382
2022-11-20 06:00:00,18.888,-17.286,-14.554,159.911,241.482,1.351
2022-11-20 12:00:00,16.856,-15.952,-11.105,162.883,271.875,3.066
2022-11-20 18:00:00,35.697,2.317,0.598,196.384,334.257,102.416
2022-11-21 00:00:00,,-10.314,-6.352,183.083,269.459,10.799
2022-11-21 06:00:00,18.443,-15.31,-12.11,170.843,249.423,1.369
2022-11-21 12:00:00,19.634,-7.965,-8.694,178.075,280.712,26.411
2022-11-21 18:00:00,22.054,2.963,2.072,201.987,340.671,79.919
2022-11-22 00:00:00,21.309,-9.67,-6.177,189.069,272.044,5.367
2022-11-22 06:00:00,18.877,-14.362,-10.499,172.365,253.115,1.825
2022-11-22 12:00:00,17.99,-13.491,-8.259,169.377,280.824,8.388
2022-11-22 18:00:00,20.495,4.111,2.272,209.307,340.248,85.571
2022-11-23 00:00:00,21.546,-9.866,-6.549,185.679,271.238,10.233
2022-11-23 06:00:00,18.01,-14.827,-10.931,171.987,251.309,1.782
2022-11-23 12:00:00,,-8.514,-8.698,180.429,278.157,38.295
2022-11-23 18:00:00,21.614,0.728,-2.915,227.782,318.256,127.251
2022-11-24 00:00:00,,-7.515,-6.194,240.327,281.682,13.96
2022-11-24 06:00:00,,-8.335,-6.427,229.222,278.098,18.449
2022-11-24 12:00:00,,-5.104,-6.284,195.002,291.841,54.775
2022-11-24 18:00:00,,2.067,-2.044,197.784,324.029,152.714
2022-11-25 00:00:00,13.118,-11.719,-8.214,181.78,263.713,2.245
2022-11-25 06:00:00,,-15.361,-12.591,178.466,249.333,-0.214
2022-11-25 12:00:00,,-7.156,-8.705,194.238,284.326,25.016
2022-11-25 18:00:00,,6.801,2.586,219.967,347.879,121.223
2022-11-26 00:00:00,19.393,-8.499,-4.405,205.327,277.086,1.408
2022-11-26 06:00:00,24.998,-11.658,-7.211,197.134,264.103,-0.09
2022-11-26 12:00:00,26.367,-5.167,-5.346,198.323,292.802,28.624
2022-11-26 18:00:00,45.274,6.842,3.408,241.612,347.596,139.154
2022-11-27 00:00:00,,-2.578,-1.238,275.709,303.481,23.992
2022-11-27 06:00:00,28.468,-5.996,-5.293,285.109,288.791,0.146
2022-11-27 12:00:00,,-5.832,-5.191,289.498,289.828,20.967
2022-11-27 18:00:00,22.187,-0.142,-2.747,248.959,314.293,74.71
2022-11-28 00:00:00,22.438,-5.641,-5.064,264.308,289.985,9.066
2022-11-28 06:00:00,22.342,-11.26,-8.703,206.019,265.892,1.035
2022-11-28 12:00:00,25.206,-7.593,-8.528,253.831,281.758,8.174
2022-11-28 18:00:00,,-0.552,-1.336,267.967,312.562,52.575
2022-11-29 00:00:00,25.965,-5.879,-5.711,287.092,289.302,2.722
2022-11-29 06:00:00,,-7.505,-6.437,281.759,282.379,3.951
2022-11-29 12:00:00,,-11.967,-11.44,257.44,263.762,7.266
2022-11-29 18:00:00,25.824,-13.594,-12.554,238.96,256.792,7.967
2022-11-30 00:00:00,25.816,-26.047,-16.849,162.848,213.625,-0.896
2022-11-30 06:00:00,24.429,-26.64,-19.465,176.358,208.915,-0.772
2022-11-30 12:00:00,25.564,-22.322,-16.59,180.368,224.483,0.132
2022-11-30 18:00:00,23.322,-9.649,-6.159,193.469,272.578,1.396
2022-12-01 00:00:00,91.299,-18.27,-9.734,192.34,238.602,-1.657
2022-12-01 06:00:00,,-16.942,-9.786,208.949,243.848,-0.461
2022-12-01 12:00:00,22.025,-13.808,-9.27,213.146,256.253,-0.354
2022-12-01 18:00:00,22.576,-4.145,-1.59,231.236,296.021,3.492
2022-12-02 00:00:00,22.7,-5.153,-1.338,280.657,292.319,2.37
2022-12-02 06:00:00,22.467,-4.344,-1.789,288.725,295.925,5.922
2022-12-02 12:00:00,26.978,-3.851,-2.755,295.325,298.169,7.608
2022-12-02 18:00:00,29.729,-4.483,-2.611,285.678,295.317,18.107
2022-12-03 00:00:00,28.136,-13.451,-6.165,206.086,257.58,1.428
2022-12-03 06:00:00,27.158,-17.958,-11.892,208.479,240.052,-1.759
2022-12-03 12:00:00,26.687,-10.625,-9.12,266.252,269.391,-0.007
2022-12-03 18:00:00,30.235,-5.7,-5.234,297.177,290.22,0.466
2022-12-04 00:00:00,29.747,-5.716,-4.739,293.048,290.079,-0.374
2022-12-04 06:00:00,28.818,-6.53,-5.078,291.674,286.614,-0.349
2022-12-04 12:00:00,27.807,-6.554,-5.614,300.443,270.162,1.103
2022-12-04 18:00:00,27.016,-3.204,-1.038,288.002,300.946,1.136
2022-12-05 00:00:00,26.876,-5.088,-2.158,273.809,292.508,-1.799
2022-12-05 06:00:00,28.072,-4.202,-2.414,287.441,296.549,-1.708
2022-12-05 12:00:00,29.672,-2.559,-0.977,296.474,303.866,2.293
2022-12-05 18:00:00,30.396,-2.591,0.103,285.044,303.572,9.703
2022-12-06 00:00:00,30.407,-4.835,-0.492,276.823,293.62,4.474
2022-12-06 06:00:00,30.965,-4.484,-2.433,290.484,295.345,5.317
2022-12-06 12:00:00,42.576,-4.828,-4.57,293.445,293.901,0.603
2022-12-06 18:00:00,44.026,-4.629,-3.312,285.036,294.651,7.635
2022-12-07 00:00:00,43.265,-6.708,-5.672,287.885,285.792,-0.382
2022-12-07 06:00:00,44.231,-7.334,-6.343,286.315,283.13,-0.273
2022-12-07 12:00:00,45.262,-6.151,-5.276,294.55,288.311,0.803
2022-12-07 18:00:00,41.61,-2.935,-1.549,288.601,302.126,3.758
2022-12-08 00:00:00,40.15,-5.718,-3.221,279.684,289.889,-0.238
2022-12-08 06:00:00,45.725,-6.848,-5.808,279.948,285.119,1.426
2022-12-08 12:00:00,44.923,-9.119,-7.514,260.578,275.337,5.909
2022-12-08 18:00:00,42.867,-11.0,-6.783,191.529,267.008,8.265
2022-12-09 00:00:00,41.438,-23.349,-15.962,163.274,220.01,-6.032
2022-12-09 06:00:00,41.041,-26.966,-18.557,171.345,207.729,-2.546
2022-12-09 12:00:00,40.792,-19.482,-15.176,223.216,235.174,-0.604
2022-12-09 18:00:00,40.184,-11.817,-8.187,270.263,264.64,1.725
2022-12-10 00:00:00,39.951,-20.961,-11.17,216.125,229.227,-1.212
2022-12-10 06:00:00,39.28,-24.337,-15.343,198.831,217.064,-1.897
2022-12-10 12:00:00,38.593,-21.368,-13.84,202.573,228.032,-0.627
2022-12-10 18:00:00,37.969,-9.895,-5.952,195.216,271.59,1.039
2022-12-11 00:00:00,37.816,-17.394,-10.215,197.829,241.986,-2.844
2022-12-11 06:00:00,37.554,-20.343,-11.709,186.948,230.959,-1.561
2022-12-11 12:00:00,37.288,-16.862,-10.028,191.153,244.248,-0.26
2022-12-11 18:00:00,36.492,-6.863,-2.154,201.468,284.277,2.044
2022-12-12 00:00:00,36.532,-11.339,-5.7,244.356,266.127,-0.334
2022-12-12 06:00:00,36.01,-9.65,-3.647,257.249,273.125,0.701
2022-12-12 12:00:00,36.188,-6.14,-3.07,275.304,288.021,8.897
2022-12-12 18:00:00,36.023,-5.745,-3.275,269.329,289.648,20.1
2022-12-13 00:00:00,35.353,-10.597,-8.945,258.028,269.314,
2022-12-13 06:00:00,34.747,-12.51,-10.827,249.777,261.49,
2022-12-13 12:00:00,34.398,-12.998,-11.371,238.959,259.434,
2022-12-13 18:00:00,34.063,-11.511,-10.615,241.201,265.34,
2022-12-14 00:00:00,34.73,-12.78,-11.403,248.575,260.403,
2022-12-14 06:00:00,33.206,-12.418,-10.75,242.745,261.746,
2022-12-14 12:00:00,32.341,-12.392,-10.632,201.413,261.275,
2022-12-14 18:00:00,31.87,-10.919,-9.908,187.616,267.073,
2022-12-15 00:00:00,31.803,-19.542,-13.735,172.406,233.797,
2022-12-15 06:00:00,31.637,-25.971,-18.119,163.898,210.949,
2022-12-15 12:00:00,31.605,-20.212,-16.912,222.434,232.387,
2022-12-15 18:00:00,31.861,-12.206,-11.204,224.508,262.359,
2022-12-16 00:00:00,31.889,-16.342,-13.759,211.049,246.095,
2022-12-16 06:00:00,31.855,-20.691,-16.96,174.613,229.51,
2022-12-16 12:00:00,31.713,-22.385,-17.623,156.073,225.894,
2022-12-16 18:00:00,31.638,-13.478,-13.644,157.009,249.481,
2022-12-17 00:00:00,31.631,-28.078,-20.022,146.828,209.321,
2022-12-17 06:00:00,31.685,-29.753,-23.446,151.463,198.286,
2022-12-17 12:00:00,31.479,-26.442,-21.011,155.724,209.708,
2022-12-17 18:00:00,31.399,-14.717,-12.959,167.814,252.461,
2022-12-18 00:00:00,31.619,-25.041,-17.017,158.362,214.028,
2022-12-18 06:00:00,31.556,-27.605,-19.471,152.644,205.315,
2022-12-18 12:00:00,31.364,-24.449,-17.632,159.123,216.482,
2022-12-18 18:00:00,31.407,-12.81,-10.512,177.704,259.535,
2022-12-19 00:00:00,31.427,-22.181,-13.5,166.834,224.125,
2022-12-19 06:00:00,31.453,-25.478,-16.3,158.22,212.539,
2022-12-19 12:00:00,31.334,-23.468,-16.355,161.946,219.979,
2022-12-19 18:00:00,31.471,-12.527,-10.39,176.061,260.729,
2022-12-20 00:00:00,31.522,-21.573,-14.421,167.909,226.261,
2022-12-20 06:00:00,31.624,-24.312,-17.163,165.206,216.628,
2022-12-20 12:00:00,31.472,-21.436,-15.423,174.299,227.324,
2022-12-20 18:00:00,31.753,-9.227,-8.647,241.664,274.614,2.577
2022-12-21 00:00:00,31.956,-9.414,-8.06,275.203,274.341,0.101
2022-12-21 06:00:00,33.033,-10.097,-8.595,276.507,271.583,-0.491
2022-12-21 12:00:00,33.23,-9.649,-7.004,281.373,273.519,5.545
2022-12-21 18:00:00,31.839,-7.158,-5.631,282.521,283.81,16.498
2022-12-22 00:00:00,32.141,-7.521,-5.574,276.985,282.206,17.231
2022-12-22 06:00:00,31.865,-8.56,-7.497,274.075,277.842,11.801
2022-12-22 12:00:00,31.739,-11.44,-10.731,235.737,265.568,24.856
2022-12-22 18:00:00,35.275,-11.196,-9.666,188.981,265.891,32.289
2022-12-23 00:00:00,35.956,-12.917,-7.824,217.616,259.41,12.825
2022-12-23 06:00:00,35.921,-13.522,-9.396,226.241,257.267,6.718
2022-12-23 12:00:00,35.532,-15.728,-11.155,204.762,248.728,1.449
2022-12-23 18:00:00,35.522,-6.923,-5.332,204.54,283.879,6.878
2022-12-24 00:00:00,35.8,-9.485,-6.709,266.963,273.926,0.037
2022-12-24 06:00:00,35.815,-9.16,-8.235,273.926,275.36,0.198
2022-12-24 12:00:00,35.28,-9.951,-8.192,279.815,271.747,0.315
2022-12-24 18:00:00,33.613,-3.047,-1.783,261.403,301.245,28.919
2022-12-25 00:00:00,35.628,-8.714,-3.98,222.136,276.548,-1.211
2022-12-25 06:00:00,35.493,-16.518,-9.875,204.582,245.342,-0.616
2022-12-25 12:00:00,35.643,-11.563,-9.329,251.547,265.681,1.233
2022-12-25 18:00:00,35.517,-2.126,1.277,234.657,304.94,33.083
2022-12-26 00:00:00,35.757,-7.094,-1.654,214.008,283.069,1.755
2022-12-26 06:00:00,36.327,-7.433,-2.252,230.366,281.901,0.6
2022-12-26 12:00:00,36.531,-6.273,-2.311,215.842,286.586,0.23
2022-12-26 18:00:00,36.525,-3.377,-0.604,233.164,299.431,4.992
2022-12-27 00:00:00,36.569,-10.728,-4.512,219.961,268.187,-1.692
2022-12-27 06:00:00,36.627,-13.326,-6.976,209.667,257.691,-1.964
2022-12-27 12:00:00,36.502,-12.394,-6.798,214.852,261.613,-1.184
2022-12-27 18:00:00,36.867,-3.166,0.403,269.288,300.812,8.342
2022-12-28 00:00:00,36.5,-2.95,-2.302,304.894,302.262,-1.056
2022-12-28 06:00:00,40.454,-2.949,-2.517,303.33,302.242,-1.307
2022-12-28 12:00:00,48.897,-2.814,-2.266,305.082,302.873,-0.084
2022-12-28 18:00:00,45.765,-2.698,-1.958,311.352,303.483,2.335
2022-12-29 00:00:00,51.942,-6.402,-5.112,291.785,287.177,-0.029
2022-12-29 06:00:00,51.107,-10.882,-8.437,275.423,268.489,-0.435
2022-12-29 12:00:00,50.013,-12.067,-9.976,269.86,263.574,2.157
2022-12-29 18:00:00,49.644,-10.735,-9.21,253.426,268.69,12.676
2022-12-30 00:00:00,49.215,-22.725,-15.024,191.526,222.694,-2.765
2022-12-30 06:00:00,49.252,-19.238,-16.226,227.717,235.835,-0.553
2022-12-30 12:00:00,47.504,-12.613,-12.792,261.157,261.311,0.734
2022-12-30 18:00:00,51.87,-9.586,-9.864,283.218,273.758,2.181
2022-12-31 00:00:00,52.411,-9.265,-8.904,275.425,274.963,-0.043
2022-12-31 06:00:00,57.693,-8.412,-8.363,278.025,278.509,0.055
2022-12-31 12:00:00,57.491,-6.84,-6.805,284.875,285.194,0.228
2022-12-31 18:00:00,63.371,-3.95,-3.798,304.284,297.876,0.723
2023-01-01 00:00:00,66.462,-3.665,-3.022,300.833,299.07,-1.643
2023-01-01 06:00:00,69.248,-2.619,-2.154,304.309,303.716,-0.337
2023-01-01 12:00:00,76.361,-4.198,-1.892,303.751,296.803,1.109
2023-01-01 18:00:00,74.879,-2.972,-2.206,308.263,302.214,0.292
2023-01-02 00:00:00,77.317,-3.429,-2.665,302.97,300.13,-0.821
2023-01-02 06:00:00,79.762,-4.54,-3.316,300.707,292.285,-2.34
2023-01-02 12:00:00,79.561,-7.876,-5.505,290.605,278.265,3.652
2023-01-02 18:00:00,77.462,-5.574,-5.953,306.052,277.053,2.053
2023-01-03 00:00:00,77.039,-11.433,-9.109,274.915,265.365,-0.165
2023-01-03 06:00:00,78.041,-10.16,-9.62,272.814,271.255,-0.155
2023-01-03 12:00:00,82.444,-9.734,-9.014,276.229,273.051,-0.025
2023-01-03 18:00:00,82.053,-8.711,-7.663,283.599,277.377,6.162
2023-01-04 00:00:00,77.685,-10.879,-9.358,267.241,268.271,4.288
2023-01-04 06:00:00,76.748,-11.704,-10.132,255.291,264.78,4.943
2023-01-04 12:00:00,74.104,-12.557,-10.366,221.003,260.894,8.48
2023-01-04 18:00:00,71.545,-9.938,-8.737,233.565,271.702,22.383
2023-01-05 00:00:00,70.593,-23.104,-13.899,167.005,221.081,-2.12
2023-01-05 06:00:00,69.882,-24.144,-16.6,189.625,217.701,-0.891
2023-01-05 12:00:00,69.456,-14.369,-12.301,234.113,254.067,0.183
2023-01-05 18:00:00,68.316,-9.105,-6.848,210.132,274.812,4.137
2023-01-06 00:00:00,68.142,-13.636,-8.019,235.024,256.862,-0.992
2023-01-06 06:00:00,67.855,-9.132,-8.234,276.237,275.53,-0.285
2023-01-06 12:00:00,77.983,-8.018,-7.81,282.171,280.24,1.103
2023-01-06 18:00:00,81.849,-6.274,-6.795,293.612,287.713,3.454
2023-01-07 00:00:00,85.721,-8.06,-6.636,285.609,280.107,-0.514
2023-01-07 06:00:00,88.673,-10.389,-7.952,281.1,267.738,-0.281
2023-01-07 12:00:00,86.125,-13.995,-9.736,272.609,248.938,-2.586
2023-01-07 18:00:00,84.32,-10.725,-6.584,196.046,269.297,0.176
2023-01-08 00:00:00,82.372,-19.552,-13.566,178.45,233.72,-6.11
2023-01-08 06:00:00,81.556,-21.596,-14.775,186.224,226.47,-1.69
2023-01-08 12:00:00,80.792,-17.149,-12.565,200.383,243.123,-0.282
2023-01-08 18:00:00,78.311,-8.817,-7.171,198.318,275.903,4.979
2023-01-09 00:00:00,77.708,-16.428,-9.155,211.925,245.872,-0.885
2023-01-09 06:00:00,78.013,-12.489,-9.202,251.489,261.665,-0.285
2023-01-09 12:00:00,76.973,-14.492,-9.873,221.596,253.862,0.508
2023-01-09 18:00:00,75.958,-5.498,-5.108,279.2,290.812,4.37
2023-01-10 00:00:00,75.581,-6.588,-4.19,281.123,286.215,0.292
2023-01-10 06:00:00,78.488,-5.825,-5.54,290.074,289.571,-0.055
2023-01-10 12:00:00,90.265,-4.306,-3.978,296.567,296.244,0.737
2023-01-10 18:00:00,89.248,-2.134,-0.423,313.751,306.063,17.123
2023-01-11 00:00:00,88.46,-4.437,-2.016,302.351,295.731,1.042
2023-01-11 06:00:00,91.982,-5.372,-4.24,295.254,291.623,1.103
2023-01-11 12:00:00,96.833,-7.899,-7.04,284.144,280.751,3.023
2023-01-11 18:00:00,102.991,-6.765,-5.998,288.212,285.573,18.208
2023-01-12 00:00:00,103.994,-9.13,-6.747,270.605,275.48,0.845
2023-01-12 06:00:00,107.706,-21.359,-12.646,214.874,227.854,-1.246
2023-01-12 12:00:00,103.563,-21.015,-13.818,222.017,229.501,-0.474
2023-01-12 18:00:00,101.613,-9.489,-6.978,207.562,273.484,2.425
2023-01-13 00:00:00,101.16,-18.356,-11.154,194.646,238.328,-1.831
2023-01-13 06:00:00,,-20.09,-12.383,199.444,232.045,-0.815
2023-01-13 12:00:00,96.98,-15.465,-9.772,227.095,249.92,-0.3
2023-01-13 18:00:00,95.929,-5.987,-3.452,220.387,288.074,2.879
2023-01-14 00:00:00,94.942,-13.61,-5.911,210.342,256.615,-1.499
2023-01-14 06:00:00,93.785,-13.61,-7.657,226.313,256.825,-1.104
2023-01-14 12:00:00,92.81,-12.31,-6.95,216.626,262.254,-0.774
2023-01-14 18:00:00,91.375,-2.757,-1.617,276.898,302.72,10.028
2023-01-15 00:00:00,90.48,-4.604,-3.113,287.786,294.789,-0.34
2023-01-15 06:00:00,90.549,-6.519,-4.986,286.866,286.58,-0.187
2023-01-15 12:00:00,90.143,-5.426,-4.404,295.755,291.376,0.177
2023-01-15 18:00:00,99.224,-5.072,-4.363,300.122,292.975,2.458
2023-01-16 00:00:00,99.853,-7.155,-6.377,286.86,283.89,-0.6
2023-01-16 06:00:00,104.907,-8.084,-7.439,282.445,279.938,-0.784
2023-01-16 12:00:00,106.387,-8.657,-7.419,282.754,277.598,0.36
2023-01-16 18:00:00,104.484,-6.808,-5.9,296.14,285.488,1.134
2023-01-17 00:00:00,108.047,-7.855,-7.231,283.854,280.915,-0.228
2023-01-17 06:00:00,116.918,-7.812,-7.313,282.768,281.076,-0.796
2023-01-17 12:00:00,121.072,-7.819,-7.021,284.593,281.084,-0.02
2023-01-17 18:00:00,119.263,-4.217,-3.361,302.022,296.717,7.337
2023-01-18 00:00:00,119.306,-8.607,-7.077,282.309,277.87,0.363
2023-01-18 06:00:00,117.829,-14.525,-10.591,263.52,253.832,-0.682
2023-01-18 12:00:00,114.104,-11.389,-10.169,269.573,266.309,7.674
2023-01-18 18:00:00,110.927,-8.309,-7.92,257.175,278.66,27.038
2023-01-19 00:00:00,107.603,-15.442,-10.471,195.808,249.357,-6.187
2023-01-19 06:00:00,106.972,-26.087,-16.467,158.181,213.548,-1.32
2023-01-19 12:00:00,106.241,-24.932,-18.049,172.907,214.998,-1.138
2023-01-19 18:00:00,104.652,-12.299,-10.073,184.599,261.583,2.418
2023-01-20 00:00:00,104.072,-19.339,-13.856,199.294,234.771,-2.808
2023-01-20 06:00:00,103.017,-16.446,-12.842,234.041,246.047,-0.461
2023-01-20 12:00:00,102.659,-13.13,-10.811,246.245,259.083,0.648
2023-01-20 18:00:00,101.751,-8.386,-7.905,280.064,278.652,1.015
2023-01-21 00:00:00,98.127,-15.063,-11.105,266.836,248.539,-3.488
2023-01-21 06:00:00,101.27,-22.191,-15.037,244.603,222.663,-3.603
2023-01-21 12:00:00,100.662,-21.504,-16.837,243.019,227.87,-0.169
2023-01-21 18:00:00,99.769,-9.562,-10.564,275.665,273.884,17.821
2023-01-22 00:00:00,98.483,-14.308,-10.58,208.48,253.957,0.412
2023-01-22 06:00:00,97.873,-24.497,-17.572,178.768,216.189,-0.925
2023-01-22 12:00:00,97.105,-20.834,-17.341,202.138,229.722,-1.186
2023-01-22 18:00:00,96.74,-9.94,-9.505,209.687,271.384,4.96
2023-01-23 00:00:00,96.327,-13.598,-9.415,239.107,257.052,-1.056
2023-01-23 06:00:00,95.859,-15.774,-10.976,219.769,248.449,-1.825
2023-01-23 12:00:00,95.53,-14.941,-11.584,218.944,251.857,-1.47
2023-01-23 18:00:00,95.063,-7.215,-5.056,216.778,282.885,8.243
2023-01-24 00:00:00,94.76,-18.868,-12.413,180.859,236.262,-5.637
2023-01-24 06:00:00,94.773,-21.575,-15.324,194.707,226.674,-1.087
2023-01-24 12:00:00,94.327,-17.932,-13.796,219.441,240.469,0.38
2023-01-24 18:00:00,94.073,-9.611,-7.993,224.52,272.824,19.026
2023-01-25 00:00:00,93.736,-16.81,-11.89,186.167,243.792,-5.379
2023-01-25 06:00:00,92.335,-15.399,-12.846,231.099,250.005,-0.878
2023-01-25 12:00:00,96.229,-14.497,-12.97,230.041,253.449,5.035
2023-01-25 18:00:00,99.539,-11.163,-11.317,220.193,266.557,23.182
2023-01-26 00:00:00,99.247,-20.562,-14.468,180.05,230.158,-3.476
2023-01-26 06:00:00,93.989,-28.401,-20.909,152.636,202.731,-1.362
2023-01-26 12:00:00,,-26.388,-20.316,155.115,209.789,-0.452
2023-01-26 18:00:00,,-12.726,-12.801,174.608,259.591,9.553
2023-01-27 00:00:00,,-19.623,-15.237,214.805,234.02,-0.035
2023-01-27 06:00:00,97.835,-16.331,-14.504,249.817,246.731,-0.296
2023-01-27 12:00:00,97.897,-14.352,-13.32,260.805,254.679,1.039
2023-01-27 18:00:00,102.842,-8.675,-8.665,278.405,277.451,6.071
2023-01-28 00:00:00,101.235,-8.22,-7.217,277.475,279.31,2.033
2023-01-28 06:00:00,101.64,-9.415,-6.656,261.499,274.16,0.616
2023-01-28 12:00:00,102.13,-9.441,-8.615,273.981,274.234,0.104
2023-01-28 18:00:00,102.573,-7.596,-7.0,275.419,281.878,10.9
2023-01-29 00:00:00,101.955,-11.432,-8.478,253.021,265.857,1.112
2023-01-29 06:00:00,101.855,-11.48,-10.643,264.723,265.814,-0.731
2023-01-29 12:00:00,102.992,-11.492,-10.619,272.413,265.906,-0.358
2023-01-29 18:00:00,101.88,-7.829,-5.763,285.287,280.548,7.896
2023-01-30 00:00:00,100.573,-10.78,-5.204,238.539,268.323,3.835
2023-01-30 06:00:00,102.435,-8.084,-6.504,275.144,279.827,3.372
2023-01-30 12:00:00,104.039,-8.194,-7.846,276.023,279.387,1.623
2023-01-30 18:00:00,103.797,-6.875,-6.75,286.455,285.082,11.459
2023-01-31 00:00:00,106.467,-8.761,-7.571,280.629,277.11,0.648
2023-01-31 06:00:00,110.499,-13.005,-11.213,245.435,259.602,1.489
2023-01-31 12:00:00,109.251,-20.351,-15.355,181.753,226.331,-3.839
2023-01-31 18:00:00,107.516,-15.569,-10.385,166.256,259.922,3.782
2023-02-01 00:00:00,106.773,-25.437,-16.519,159.148,212.728,-2.483
2023-02-01 06:00:00,106.077,-28.912,-19.302,158.178,201.12,-0.429
2023-02-01 12:00:00,105.343,-24.138,-18.138,166.834,218.034,-0.2
2023-02-01 18:00:00,104.53,-11.674,-12.508,181.798,264.398,9.486
2023-02-02 00:00:00,104.096,-21.861,-12.494,178.125,225.462,-1.122
2023-02-02 06:00:00,103.56,-23.526,-15.823,177.718,219.53,-2.138
2023-02-02 12:00:00,102.868,-20.992,-14.978,191.076,229.318,0.18
2023-02-02 18:00:00,102.109,-7.617,-7.39,191.916,281.158,8.943
2023-02-03 00:00:00,102.027,-20.601,-11.779,174.564,229.847,-1.729
2023-02-03 06:00:00,101.753,-24.081,-15.591,163.718,217.408,-1.712
2023-02-03 12:00:00,101.334,-21.467,-14.601,166.405,227.179,-0.279
2023-02-03 18:00:00,100.904,-6.691,-4.877,191.436,282.612,7.728
2023-02-04 00:00:00,100.795,-20.318,-9.4,177.989,230.976,-0.329
2023-02-04 06:00:00,100.642,-21.941,-12.567,179.599,225.123,-0.473
2023-02-04 12:00:00,100.453,-17.952,-12.144,189.329,240.119,1.909
2023-02-04 18:00:00,100.135,-4.772,-2.169,204.048,293.007,41.238
2023-02-05 00:00:00,100.002,-15.621,-7.906,198.962,248.674,-2.882
2023-02-05 06:00:00,99.857,-17.17,-10.037,207.516,242.956,-1.061
2023-02-05 12:00:00,99.579,-15.768,-9.373,199.231,248.601,0.454
2023-02-05 18:00:00,99.156,-1.841,0.83,222.575,306.147,23.612
2023-02-06 00:00:00,97.177,-7.993,0.393,227.022,279.515,5.435
2023-02-06 06:00:00,99.998,-6.216,-4.847,288.515,287.904,1.256
2023-02-06 12:00:00,104.043,-9.695,-8.424,227.318,272.495,11.107
2023-02-06 18:00:00,105.189,-8.472,-7.464,203.922,277.476,29.869
2023-02-07 00:00:00,104.695,-18.532,-11.156,178.585,237.577,-5.921
2023-02-07 06:00:00,104.878,-25.295,-15.368,164.472,213.278,-0.516
2023-02-07 12:00:00,104.66,-23.012,-16.097,172.076,221.964,-0.252
2023-02-07 18:00:00,104.52,-9.559,-9.377,179.104,272.998,10.407
2023-02-08 00:00:00,104.167,-23.636,-13.266,168.759,219.018,-0.96
2023-02-08 06:00:00,104.109,-25.542,-16.708,170.455,212.499,-0.758
2023-02-08 12:00:00,103.983,-15.834,-14.627,249.136,250.06,2.004
2023-02-08 18:00:00,103.011,-5.298,-5.115,228.196,290.954,29.362
2023-02-09 00:00:00,102.741,-8.948,-7.351,269.209,276.21,6.133
2023-02-09 06:00:00,102.424,-16.614,-12.691,204.281,245.075,0.216
2023-02-09 12:00:00,102.256,-14.857,-12.439,203.331,251.949,11.535
2023-02-09 18:00:00,102.13,-9.98,-10.421,172.772,265.655,38.394
2023-02-10 00:00:00,101.671,-23.59,-14.632,155.731,223.577,-3.315
2023-02-10 06:00:00,101.614,-29.489,-20.296,148.208,199.347,-0.642
2023-02-10 12:00:00,101.359,-24.51,-18.402,160.8,216.795,0.774
2023-02-10 18:00:00,101.187,-9.115,-9.26,189.169,274.63,13.949
2023-02-11 00:00:00,101.081,-19.992,-10.003,184.484,232.197,-0.658
2023-02-11 06:00:00,101.038,-22.331,-12.533,178.053,223.715,-0.556
2023-02-11 12:00:00,100.674,-18.05,-10.29,185.901,240.103,0.018
2023-02-11 18:00:00,100.356,-3.297,1.468,232.669,299.806,2.522
2023-02-12 00:00:00,100.384,-13.361,-4.121,217.125,257.744,-0.292
2023-02-12 06:00:00,100.391,-13.472,-6.108,236.82,257.621,0.014
2023-02-12 12:00:00,100.219,-9.112,-5.441,245.911,275.491,1.558
2023-02-12 18:00:00,99.816,-5.056,-3.163,210.937,292.034,6.34
2023-02-13 00:00:00,99.769,-15.662,-7.443,189.796,248.395,-3.785
2023-02-13 06:00:00,99.684,-19.48,-11.616,182.025,234.005,-3.399
2023-02-13 12:00:00,99.572,-15.192,-9.502,201.187,251.114,1.339
2023-02-13 18:00:00,99.626,-3.929,-2.857,292.336,297.805,5.486
2023-02-14 00:00:00,101.309,-9.837,-6.164,286.652,268.971,-0.776
2023-02-14 06:00:00,101.319,-10.531,-7.814,276.41,269.331,-0.883
2023-02-14 12:00:00,99.387,-8.636,-5.905,286.892,277.799,3.881
2023-02-14 18:00:00,99.725,-6.892,-6.423,275.463,284.833,7.707
2023-02-15 00:00:00,101.847,-8.723,-8.022,275.401,277.185,-0.399
2023-02-15 06:00:00,106.365,-9.784,-8.736,274.94,272.83,1.936
2023-02-15 12:00:00,114.615,-12.118,-11.448,257.901,263.167,5.425
2023-02-15 18:00:00,114.843,-12.157,-11.55,240.877,262.777,11.52
2023-02-16 00:00:00,113.705,-18.154,-13.973,214.735,239.548,0.07
2023-02-16 06:00:00,112.73,-28.594,-19.737,167.999,202.363,-0.086
2023-02-16 12:00:00,111.922,-26.829,-20.979,159.567,208.576,0.068
2023-02-16 18:00:00,111.206,-13.805,-15.545,158.67,255.832,9.521
2023-02-17 00:00:00,110.544,-28.464,-18.427,153.726,202.528,-0.676
2023-02-17 06:00:00,110.205,-30.262,-20.969,156.617,196.736,-0.71
2023-02-17 12:00:00,109.773,-24.674,-18.016,173.839,216.596,0.399
2023-02-17 18:00:00,109.108,-7.19,-7.524,186.113,282.676,8.539
2023-02-18 00:00:00,109.078,-20.445,-11.83,182.687,230.538,-1.887
2023-02-18 06:00:00,108.855,-22.329,-14.364,180.569,223.756,-1.482
2023-02-18 12:00:00,108.45,-19.21,-13.254,179.702,235.477,0.583
2023-02-18 18:00:00,108.249,-6.901,-5.255,198.276,283.412,20.556
2023-02-19 00:00:00,106.998,-15.723,-6.368,211.484,248.494,0.179
2023-02-19 06:00:00,105.571,-9.617,-5.104,259.564,273.361,12.201
2023-02-19 12:00:00,104.033,-7.636,-5.68,273.078,281.674,14.137
2023-02-19 18:00:00,103.557,-5.861,-4.903,246.16,288.829,29.56
2023-02-20 00:00:00,102.164,-12.603,-4.15,205.185,260.528,0.538
2023-02-20 06:00:00,102.062,-10.876,-3.325,228.376,267.827,3.864
2023-02-20 12:00:00,101.68,-6.188,-2.729,272.792,287.823,11.211
2023-02-20 18:00:00,104.481,-4.193,-2.579,299.404,296.741,15.909
2023-02-21 00:00:00,104.265,-6.417,-3.213,276.051,286.867,2.082
2023-02-21 06:00:00,103.926,-8.623,-4.279,256.573,277.385,-0.258
2023-02-21 12:00:00,103.622,-7.824,-3.901,244.895,280.78,5.912
2023-02-21 18:00:00,101.259,-1.377,1.16,226.025,308.172,34.156
2023-02-22 00:00:00,100.516,-4.568,-2.134,285.24,294.909,4.365
2023-02-22 06:00:00,108.872,-4.502,-4.129,295.217,295.333,-1.453
2023-02-22 12:00:00,115.569,-5.026,-4.493,285.429,292.925,3.688
2023-02-22 18:00:00,120.821,-8.613,-7.675,261.661,277.499,13.386
2023-02-23 00:00:00,122.459,-12.532,-11.544,256.653,261.518,4.392
2023-02-23 06:00:00,124.223,-14.582,-13.537,248.912,253.377,1.958
2023-02-23 12:00:00,124.591,-15.144,-13.915,234.044,251.048,4.408
2023-02-23 18:00:00,123.932,-10.467,-11.349,256.405,269.777,8.631
2023-02-24 00:00:00,122.922,-14.546,-10.701,230.134,253.349,0.763
2023-02-24 06:00:00,122.046,-17.29,-13.661,224.213,242.793,-1.057
2023-02-24 12:00:00,121.221,-10.563,-9.724,266.764,269.618,4.515
2023-02-24 18:00:00,120.557,-8.383,-7.366,272.367,278.583,8.257
2023-02-25 00:00:00,119.972,-14.122,-10.362,233.58,254.952,-1.33
2023-02-25 06:00:00,119.219,-12.32,-10.181,258.831,262.443,0.379
2023-02-25 12:00:00,118.662,-11.371,-8.111,242.806,266.479,2.388
2023-02-25 18:00:00,117.687,-2.902,-0.543,238.186,301.702,4.983
2023-02-26 00:00:00,117.378,-13.536,-6.656,202.506,256.798,-6.179
2023-02-26 06:00:00,117.125,-15.656,-9.506,204.939,248.612,-4.783
2023-02-26 12:00:00,116.803,-9.051,-4.411,256.308,275.971,6.949
2023-02-26 18:00:00,117.4,-4.635,-3.5,289.687,294.697,12.539
2023-02-27 00:00:00,116.601,-8.623,-6.103,256.808,277.342,10.313
2023-02-27 06:00:00,119.406,-17.639,-11.133,195.307,241.375,-1.021
2023-02-27 12:00:00,119.19,-15.688,-13.254,222.856,249.311,0.713
2023-02-27 18:00:00,118.156,-5.199,-5.529,211.569,291.428,30.14
2023-02-28 00:00:00,118.086,-16.185,-9.875,209.813,246.766,-1.629
2023-02-28 06:00:00,120.789,-9.683,-8.748,271.983,273.208,1.612
2023-02-28 12:00:00,123.473,-9.147,-8.068,272.284,275.391,5.482
2023-02-28 18:00:00,127.451,-8.764,-8.566,272.531,276.985,8.042
2023-03-01 00:00:00,127.527,-18.126,-12.531,206.806,240.013,-0.695
2023-03-01 06:00:00,127.054,-17.42,-15.64,234.24,242.549,-0.954
2023-03-01 12:00:00,127.681,-12.003,-12.111,264.707,263.805,0.763
2023-03-01 18:00:00,129.346,-6.62,-7.039,295.078,286.275,3.759
2023-03-02 00:00:00,130.894,-9.308,-7.457,282.988,274.917,-0.975
2023-03-02 06:00:00,129.725,-10.751,-12.312,278.372,236.521,-0.763
2023-03-02 12:00:00,129.283,-12.117,-13.323,283.364,239.852,6.669
2023-03-02 18:00:00,127.329,-3.867,-3.952,284.568,298.007,47.258
2023-03-03 00:00:00,127.475,-13.526,-7.749,204.158,256.979,-4.163
2023-03-03 06:00:00,126.443,-22.511,-14.129,179.5,223.133,-1.662
2023-03-03 12:00:00,126.369,-11.62,-11.283,248.867,265.316,2.795
2023-03-03 18:00:00,125.874,-5.04,-5.99,283.289,292.88,14.445
2023-03-04 00:00:00,125.885,-10.049,-8.293,260.949,271.561,2.764
2023-03-04 06:00:00,127.255,-11.793,-11.886,271.722,242.559,-0.653
2023-03-04 12:00:00,126.826,-15.862,-13.114,260.651,248.239,-0.045
2023-03-04 18:00:00,125.744,-6.501,-5.194,262.33,287.389,8.304
2023-03-05 00:00:00,124.738,-8.434,-3.4,260.843,278.186,8.617
2023-03-05 06:00:00,124.115,-8.266,-3.134,249.538,278.741,9.827
2023-03-05 12:00:00,123.505,-7.755,-4.494,250.154,280.976,16.648
2023-03-05 18:00:00,122.755,-4.53,-2.701,269.534,294.884,32.06
2023-03-06 00:00:00,122.039,-8.998,-1.819,240.518,275.554,7.24
2023-03-06 06:00:00,121.608,-11.642,-2.993,209.093,264.135,3.89
2023-03-06 12:00:00,120.64,-12.252,-3.526,187.891,269.314,5.886
2023-03-06 18:00:00,120.851,-2.782,1.693,226.117,305.243,37.565
2023-03-07 00:00:00,120.427,-7.914,0.322,249.002,280.184,7.825
2023-03-07 06:00:00,120.353,-9.256,0.205,230.884,274.331,7.009
2023-03-07 12:00:00,119.431,-7.285,-0.43,240.032,282.792,17.976
2023-03-07 18:00:00,118.915,-2.366,1.219,213.479,303.568,41.917
2023-03-08 00:00:00,118.653,-15.055,-4.636,190.472,251.335,-0.125
2023-03-08 06:00:00,118.235,-17.843,-9.851,197.086,240.254,-0.754
2023-03-08 12:00:00,117.921,-11.607,-6.833,233.54,265.184,3.447
2023-03-08 18:00:00,117.74,-5.532,0.281,264.699,290.451,25.914
2023-03-09 00:00:00,117.394,-6.842,-0.223,262.527,284.855,14.702
2023-03-09 06:00:00,116.816,-8.99,-5.387,256.652,275.824,12.834
2023-03-09 12:00:00,117.091,-10.358,-6.725,190.985,269.486,15.932
2023-03-09 18:00:00,116.68,-2.855,-1.955,199.491,301.228,48.133
2023-03-10 00:00:00,116.035,-15.305,-8.251,193.337,249.792,0.015
2023-03-10 06:00:00,116.048,-14.352,-9.693,235.37,254.325,1.819
2023-03-10 12:00:00,119.565,-6.47,-5.806,291.844,286.911,0.733
2023-03-10 18:00:00,129.175,-4.261,-3.839,308.142,296.575,0.57
2023-03-11 00:00:00,136.93,-3.967,-3.647,299.987,297.732,-0.163
2023-03-11 06:00:00,157.268,-2.611,-1.592,304.644,303.764,10.135
2023-03-11 12:00:00,160.364,-2.997,-1.942,306.682,302.09,13.337
2023-03-11 18:00:00,158.974,-2.4,-1.638,276.505,304.342,38.018
2023-03-12 00:00:00,157.209,-7.431,-4.162,271.063,282.534,-0.231
2023-03-12 06:00:00,155.568,-9.095,-6.252,285.016,275.547,-0.943
2023-03-12 12:00:00,156.988,-5.5,-5.433,295.212,291.197,2.722
2023-03-12 18:00:00,157.725,-2.24,-2.602,307.018,305.47,9.246
2023-03-13 00:00:00,159.014,-5.317,-4.099,297.337,291.879,-1.041
2023-03-13 06:00:00,162.563,-9.436,-6.779,284.997,270.434,-1.758
2023-03-13 12:00:00,159.905,-7.289,-5.892,287.224,276.508,4.751
2023-03-13 18:00:00,153.476,-0.084,-0.466,247.648,314.281,51.358
2023-03-14 00:00:00,149.584,-8.596,-4.699,208.18,276.99,0.157
2023-03-14 06:00:00,148.764,-12.621,-8.257,236.815,260.888,-1.029
2023-03-14 12:00:00,148.067,-9.89,-7.242,222.539,272.024,2.463
2023-03-14 18:00:00,147.356,-0.235,-1.268,233.692,313.378,24.715
2023-03-15 00:00:00,145.823,-3.381,-1.615,278.51,299.978,2.281
2023-03-15 06:00:00,146.909,-3.925,-3.068,298.997,297.901,-0.105
2023-03-15 12:00:00,149.141,-2.678,-2.41,306.51,303.51,0.886
2023-03-15 18:00:00,153.013,0.029,-0.294,316.671,315.79,4.425
2023-03-16 00:00:00,157.617,-1.548,-1.112,312.051,308.601,-1.39
2023-03-16 06:00:00,168.255,-4.532,-2.614,295.049,295.338,0.95
2023-03-16 12:00:00,168.767,-6.69,-4.888,240.23,285.234,23.495
2023-03-16 18:00:00,170.639,-2.621,-3.426,202.053,302.264,68.214
2023-03-17 00:00:00,169.23,-14.805,-9.892,177.359,251.696,-4.472
2023-03-17 06:00:00,168.619,-15.61,-13.424,230.839,249.233,-1.722
2023-03-17 12:00:00,167.309,-10.252,-9.286,222.623,270.464,4.605
2023-03-17 18:00:00,165.89,-2.086,-4.723,191.312,297.305,70.159
2023-03-18 00:00:00,164.834,-18.12,-11.82,169.178,236.024,-2.006
2023-03-18 06:00:00,164.856,-29.467,-19.021,145.146,208.685,-0.109
2023-03-18 12:00:00,164.277,,-14.589,,230.34,
2023-03-18 18:00:00,163.59,-4.316,-7.284,172.914,291.481,38.906
2023-03-19 00:00:00,163.236,-23.347,-13.537,154.797,229.104,-3.487
2023-03-19 06:00:00,162.332,-26.393,-18.15,153.95,209.827,-1.842
2023-03-19 12:00:00,161.851,-19.381,-14.607,169.571,235.599,4.012
2023-03-19 18:00:00,161.27,-2.813,-5.162,209.47,301.585,33.307
2023-03-20 00:00:00,160.654,-14.111,-8.271,213.112,254.714,-1.234
2023-03-20 06:00:00,160.302,-12.654,-9.924,250.819,260.994,-0.421
2023-03-20 12:00:00,164.782,-7.761,-7.56,288.247,281.442,1.489
2023-03-20 18:00:00,168.044,-3.32,-4.113,303.57,300.625,6.681
2023-03-21 00:00:00,171.484,-4.715,-4.393,293.729,294.39,-1.099
2023-03-21 06:00:00,173.458,-7.302,-5.057,292.058,274.464,-1.255
2023-03-21 12:00:00,171.833,-10.47,-8.928,282.001,262.526,2.296
2023-03-21 18:00:00,170.728,-4.795,-5.374,301.92,295.219,5.443
2023-03-22 00:00:00,173.892,-5.512,-5.183,293.446,290.961,-0.076
2023-03-22 06:00:00,178.973,-3.53,-1.591,299.439,299.642,5.279
2023-03-22 12:00:00,180.779,-2.588,-1.993,301.166,303.81,3.264
2023-03-22 18:00:00,187.361,-2.255,-2.133,311.935,305.525,18.039
2023-03-23 00:00:00,187.492,-7.789,-5.969,286.614,281.275,2.02
2023-03-23 06:00:00,184.887,-11.371,-7.48,277.03,265.115,0.231
2023-03-23 12:00:00,182.918,-11.104,-8.291,278.986,270.298,-0.017
2023-03-23 18:00:00,181.262,-3.472,-4.871,268.349,299.558,26.414
2023-03-24 00:00:00,179.751,-11.87,-7.784,234.268,263.862,-1.619
2023-03-24 06:00:00,178.876,-14.21,-11.278,245.408,254.83,-1.118
2023-03-24 12:00:00,178.256,-10.222,-9.249,262.294,271.005,5.442
2023-03-24 18:00:00,176.406,-3.059,-4.097,245.708,301.026,41.134
2023-03-25 00:00:00,180.857,-8.829,-8.145,272.824,276.757,3.201
2023-03-25 06:00:00,185.334,-14.794,-13.265,240.33,252.49,3.782
2023-03-25 12:00:00,183.34,-15.554,-14.156,187.779,249.022,6.055
2023-03-25 18:00:00,181.979,-9.388,-11.689,242.007,274.007,31.149
2023-03-26 00:00:00,180.417,-16.485,-13.776,243.474,246.16,1.184
2023-03-26 06:00:00,179.647,-26.335,-19.484,228.331,209.607,-1.447
2023-03-26 12:00:00,179.196,-18.933,-17.125,246.19,241.631,1.316
2023-03-26 18:00:00,179.305,-9.778,-10.592,283.423,273.494,5.255
2023-03-27 00:00:00,180.992,-12.702,-11.658,266.108,260.468,-0.817
2023-03-27 06:00:00,182.8,-13.733,-12.667,260.105,256.873,0.855
2023-03-27 12:00:00,185.096,-14.443,-13.658,241.356,253.945,15.201
2023-03-27 18:00:00,185.355,-11.159,-11.204,219.238,266.512,28.006
2023-03-28 00:00:00,183.666,-23.61,-16.109,158.901,218.609,-2.011
2023-03-28 06:00:00,182.966,-30.292,-22.292,147.318,196.549,-2.655
2023-03-28 12:00:00,182.18,-21.36,-17.175,167.143,228.792,3.496
2023-03-28 18:00:00,181.474,-1.861,-4.795,215.167,305.841,34.154
2023-03-29 00:00:00,180.56,-12.238,-5.093,229.098,262.377,-0.132
2023-03-29 06:00:00,179.679,-17.466,-8.726,204.991,241.785,-0.424
2023-03-29 12:00:00,179.052,-9.028,-5.101,221.763,275.999,6.54
2023-03-29 18:00:00,178.104,-0.535,2.759,265.277,312.51,17.792
2023-03-30 00:00:00,177.074,-9.013,-1.111,246.54,275.592,0.177
2023-03-30 06:00:00,176.426,-9.886,-3.233,249.743,272.029,-0.006
2023-03-30 12:00:00,175.88,-6.541,-1.32,255.652,286.274,32.859
2023-03-30 18:00:00,175.366,-4.041,-2.192,288.072,297.276,29.665
2023-03-31 00:00:00,174.934,-8.014,-6.537,276.13,280.15,2.728
2023-03-31 06:00:00,177.733,-9.932,-8.48,267.665,272.123,3.924
2023-03-31 12:00:00,179.609,-9.586,-8.778,268.304,273.555,8.461
2023-03-31 18:00:00,183.992,-6.7,-6.556,280.403,285.715,11.854
2023-04-01 00:00:00,184.497,-8.252,-5.724,276.1,279.157,3.562
2023-04-01 06:00:00,183.257,-10.109,-7.566,266.835,271.417,-0.228
2023-04-01 12:00:00,181.656,-11.355,-7.439,208.844,266.329,4.935
2023-04-01 18:00:00,179.328,0.615,0.232,215.028,316.948,26.914
2023-04-02 00:00:00,176.76,-9.736,-2.096,209.108,272.446,0.271
2023-04-02 06:00:00,176.141,-16.083,-4.662,197.712,246.872,-0.487
2023-04-02 12:00:00,175.738,-8.514,-1.402,208.421,278.175,20.817
2023-04-02 18:00:00,174.078,1.034,3.783,227.931,319.076,95.812
2023-04-03 00:00:00,172.114,-4.618,3.433,235.692,293.976,12.682
2023-04-03 06:00:00,171.386,-4.548,2.025,270.433,294.78,9.537
2023-04-03 12:00:00,170.692,-3.75,-0.137,279.491,298.437,14.645
2023-04-03 18:00:00,170.243,-0.587,3.355,285.521,312.526,47.241
2023-04-04 00:00:00,169.37,-2.577,2.366,293.19,303.744,28.175
2023-04-04 06:00:00,169.051,-6.655,-5.588,279.571,285.993,5.547
2023-04-04 12:00:00,168.539,-10.269,-8.85,234.873,269.807,13.772
2023-04-04 18:00:00,168.253,-7.808,-9.356,265.773,281.261,17.865
2023-04-05 00:00:00,169.867,-12.951,-11.042,263.437,260.085,0.818
2023-04-05 06:00:00,172.384,-17.975,-13.394,252.568,240.618,-3.788
2023-04-05 12:00:00,171.903,-14.829,-13.029,253.384,249.216,14.161
2023-04-05 18:00:00,170.858,-5.659,-7.926,208.455,289.329,50.129
2023-04-06 00:00:00,170.288,-18.442,-13.049,183.808,237.949,-1.651
2023-04-06 06:00:00,169.926,-25.059,-18.741,158.256,214.01,-4.644
2023-04-06 12:00:00,169.462,-18.199,-14.991,164.393,240.171,5.192
2023-04-06 18:00:00,169.02,-1.062,-3.858,190.603,308.956,37.204
2023-04-07 00:00:00,168.032,-15.494,-8.307,176.421,254.341,-1.023
2023-04-07 06:00:00,167.779,-20.235,-12.564,176.496,231.174,-2.282
2023-04-07 12:00:00,167.52,-11.422,-6.569,198.173,266.555,6.754
2023-04-07 18:00:00,166.091,0.951,4.286,263.384,319.222,30.408
2023-04-08 00:00:00,165.344,-5.83,-0.429,227.915,288.897,1.212
2023-04-08 06:00:00,165.157,-9.516,-4.289,244.873,273.475,-0.243
2023-04-08 12:00:00,164.896,-5.229,-1.243,251.989,292.004,6.366
2023-04-08 18:00:00,164.108,0.563,3.468,278.425,317.661,56.783
2023-04-09 00:00:00,162.394,-4.367,-0.164,244.662,295.29,
2023-04-09 06:00:00,162.014,-11.915,-5.318,206.302,263.247,
2023-04-09 12:00:00,161.854,-5.92,-2.056,224.962,289.17,
2023-04-09 18:00:00,160.127,1.513,5.3,238.719,321.434,
2023-04-10 00:00:00,156.639,-4.898,-0.29,214.758,292.65,
2023-04-10 06:00:00,156.149,-12.033,-5.371,199.672,262.675,
2023-04-10 12:00:00,155.795,-6.044,-2.021,213.409,288.55,
2023-04-10 18:00:00,154.012,1.874,6.037,241.098,323.139,
2023-04-11 00:00:00,151.184,-3.457,1.173,225.438,298.986,
2023-04-11 06:00:00,151.032,-9.346,-2.929,212.09,273.692,
2023-04-11 12:00:00,150.28,-3.775,0.83,224.456,298.104,
2023-04-11 18:00:00,147.014,2.044,8.755,251.186,324.085,
2023-04-12 00:00:00,144.571,-2.492,3.193,233.46,303.306,
2023-04-12 06:00:00,144.198,-6.625,-1.483,232.035,285.308,
2023-04-12 12:00:00,143.65,-1.98,2.547,253.358,306.123,
2023-04-12 18:00:00,140.177,1.346,8.973,298.869,321.568,
2023-04-13 00:00:00,138.592,-0.658,4.917,272.55,312.032,
2023-04-13 06:00:00,138.586,-3.359,0.983,260.307,299.811,
2023-04-13 12:00:00,138.226,-0.112,3.434,261.245,314.386,
2023-04-13 18:00:00,133.283,1.163,6.583,283.625,320.497,
2023-04-14 00:00:00,131.817,-1.16,3.034,281.234,309.887,
2023-04-14 06:00:00,131.706,-1.747,-0.005,296.061,307.467,
2023-04-14 12:00:00,131.382,-1.124,-0.216,284.366,310.122,
2023-04-14 18:00:00,130.82,-1.233,-1.273,287.099,309.667,
2023-04-15 00:00:00,131.866,-5.632,-4.157,271.747,290.165,
2023-04-15 06:00:00,135.06,-8.946,-7.125,259.239,276.202,
2023-04-15 12:00:00,131.76,-7.775,-7.682,225.249,280.645,
2023-04-15 18:00:00,131.461,-2.445,-3.364,200.377,302.949,
2023-04-16 00:00:00,130.686,-12.566,-6.21,185.639,260.571,
2023-04-16 06:00:00,130.539,-18.0,-11.008,178.302,239.39,
2023-04-16 12:00:00,130.259,-9.324,-6.387,197.62,274.839,
2023-04-16 18:00:00,129.545,1.367,3.583,227.532,320.591,
2023-04-17 00:00:00,127.055,-5.084,-0.851,211.899,291.714,
2023-04-17 06:00:00,127.164,-10.564,-4.72,203.088,268.598,
2023-04-17 12:00:00,127.028,-5.236,-1.622,212.17,291.701,
2023-04-17 18:00:00,126.252,1.651,6.978,241.512,322.117,
2023-04-18 00:00:00,123.123,-3.326,4.652,224.61,299.491,
2023-04-18 06:00:00,122.526,-7.404,-1.989,228.336,281.974,
2023-04-18 12:00:00,122.353,-1.959,3.462,264.914,306.263,
2023-04-18 18:00:00,121.43,1.007,6.878,271.942,319.602,
2023-04-19 00:00:00,120.249,-1.394,6.589,281.498,308.834,
2023-04-19 06:00:00,121.146,-2.803,2.101,287.319,302.649,
2023-04-19 12:00:00,119.515,-2.696,-0.002,285.949,303.13,
2023-04-19 18:00:00,118.921,-2.225,-2.56,285.118,305.23,
2023-04-20 00:00:00,118.339,-8.391,-6.263,238.273,278.06,
2023-04-20 06:00:00,118.504,-10.5,-9.119,239.209,269.393,
2023-04-20 12:00:00,117.408,-7.672,-9.36,183.388,269.702,
2023-04-20 18:00:00,119.11,-3.976,-6.908,264.323,297.251,
2023-04-21 00:00:00,119.681,-11.71,-8.929,208.278,264.306,
2023-04-21 06:00:00,119.638,-18.81,-13.67,167.17,236.287,
2023-04-21 12:00:00,119.728,-10.914,-10.657,239.578,268.324,
2023-04-21 18:00:00,119.373,-3.92,-4.571,287.894,297.763,
2023-04-22 00:00:00,124.454,-4.3,-3.192,295.576,296.222,
2023-04-22 06:00:00,125.408,-5.508,-4.168,293.434,290.994,
2023-04-22 12:00:00,124.448,-4.485,-3.835,286.236,295.409,
2023-04-22 18:00:00,119.938,-0.458,-1.513,279.484,313.048,
2023-04-23 00:00:00,120.071,-3.695,-3.145,280.444,298.636,
2023-04-23 06:00:00,119.424,-5.596,-4.99,282.261,290.442,
2023-04-23 12:00:00,119.137,-3.435,-3.409,282.477,299.934,
2023-04-23 18:00:00,117.54,0.585,2.095,225.638,316.971,
2023-04-24 00:00:00,117.053,-4.477,-0.848,225.655,294.464,
2023-04-24 06:00:00,116.859,-6.285,-3.049,248.753,287.004,
2023-04-24 12:00:00,116.804,-2.995,-0.834,248.547,301.598,
2023-04-24 18:00:00,114.771,1.131,4.126,264.361,320.061,
2023-04-25 00:00:00,114.134,-1.252,0.317,305.913,309.867,
2023-04-25 06:00:00,117.604,-6.773,-4.74,292.382,283.5,
2023-04-25 12:00:00,117.108,-2.254,-2.423,285.557,305.157,
2023-04-25 18:00:00,115.635,0.093,-0.0,299.217,315.839,
2023-04-26 00:00:00,117.039,-2.942,-2.713,297.878,302.206,
2023-04-26 06:00:00,123.12,-6.428,-2.901,298.313,286.556,
2023-04-26 12:00:00,120.688,-1.51,0.337,275.909,308.344,86.106
2023-04-26 18:00:00,113.506,1.905,4.439,256.115,323.519,42.694
2023-04-27 00:00:00,112.663,-2.853,0.867,223.524,301.546,7.069
2023-04-27 06:00:00,112.079,-7.625,-3.307,216.576,280.881,-0.815
2023-04-27 12:00:00,111.814,-1.202,0.812,254.984,309.555,34.891
2023-04-27 18:00:00,108.798,1.414,5.527,263.96,321.361,61.712
2023-04-28 00:00:00,107.856,-0.81,2.088,290.999,311.611,26.377
2023-04-28 06:00:00,107.966,-3.246,-1.449,281.631,300.649,15.71
2023-04-28 12:00:00,108.142,-3.5,-1.49,204.92,298.547,44.406
2023-04-28 18:00:00,107.917,0.623,2.279,220.263,317.054,131.772
2023-04-29 00:00:00,107.416,-4.078,1.54,218.561,296.111,21.581
2023-04-29 06:00:00,107.394,-8.937,-3.743,209.101,275.316,-0.006
2023-04-29 12:00:00,107.093,-3.078,0.152,224.156,301.033,3.921
2023-04-29 18:00:00,101.926,2.031,8.928,253.951,324.066,40.048
2023-04-30 00:00:00,100.582,-1.447,4.189,235.059,307.96,12.375
2023-04-30 06:00:00,100.494,-6.013,-0.536,221.661,287.758,-0.126
2023-04-30 12:00:00,100.262,-1.691,3.294,232.247,307.095,32.209
2023-04-30 18:00:00,96.203,2.002,9.184,265.947,324.108,52.64
2023-05-01 00:00:00,94.475,-1.013,4.611,243.265,310.012,13.099
2023-05-01 06:00:00,94.386,-4.862,-0.311,229.094,292.801,-0.199
2023-05-01 12:00:00,94.088,-0.983,4.213,242.307,310.35,0.513
2023-05-01 18:00:00,90.779,2.308,12.57,282.817,325.798,12.468
2023-05-02 00:00:00,90.144,-0.69,5.039,254.107,311.62,12.236
2023-05-02 06:00:00,90.133,-3.709,0.48,241.678,297.987,2.04
2023-05-02 12:00:00,89.74,-0.375,4.63,276.508,313.476,3.123
2023-05-02 18:00:00,86.418,1.765,9.913,303.48,323.575,12.615
2023-05-03 00:00:00,85.498,-0.028,6.044,263.199,314.74,8.585
2023-05-03 06:00:00,85.527,-3.805,0.184,232.606,297.46,-0.119
2023-05-03 12:00:00,85.062,-0.882,3.924,238.101,310.724,0.713
2023-05-03 18:00:00,81.396,2.59,11.647,266.416,326.863,2.652
2023-05-04 00:00:00,80.537,-0.041,6.202,274.991,314.858,5.746
2023-05-04 06:00:00,80.546,-2.036,1.172,269.812,305.799,2.458
2023-05-04 12:00:00,79.993,0.777,2.358,297.262,318.935,2.85
2023-05-04 18:00:00,76.819,1.982,7.694,291.144,324.397,8.361
2023-05-05 00:00:00,75.671,-0.332,5.652,259.328,313.313,5.543
2023-05-05 06:00:00,75.742,-4.703,0.341,221.285,293.391,1.923
2023-05-05 12:00:00,75.635,-1.519,2.07,237.245,307.894,19.376
2023-05-05 18:00:00,73.747,0.753,3.913,277.281,318.513,28.79
2023-05-06 00:00:00,74.367,-2.985,0.734,230.693,301.054,6.263
2023-05-06 06:00:00,74.188,-2.912,-0.224,282.786,302.11,1.79
2023-05-06 12:00:00,72.767,-1.151,0.899,282.555,310.039,7.42
2023-05-06 18:00:00,71.511,1.735,6.299,257.094,322.745,30.742
2023-05-07 00:00:00,71.081,-0.571,3.422,282.714,312.56,8.463
2023-05-07 06:00:00,71.129,-0.832,1.29,299.728,311.633,3.476
2023-05-07 12:00:00,70.961,-0.247,0.465,304.118,314.351,7.94
2023-05-07 18:00:00,69.545,1.193,4.36,300.427,320.875,8.428
2023-05-08 00:00:00,68.638,-1.516,2.608,244.235,307.767,2.899
2023-05-08 06:00:00,68.702,-4.263,-1.334,245.139,295.658,1.064
2023-05-08 12:00:00,68.5,-0.925,2.707,246.642,310.667,5.886
2023-05-08 18:00:00,64.392,2.149,9.641,287.043,325.123,17.241
2023-05-09 00:00:00,62.813,-0.429,6.258,259.692,312.872,6.086
2023-05-09 06:00:00,63.023,-4.782,-0.222,223.267,293.072,1.062
2023-05-09 12:00:00,62.639,-0.812,4.529,238.075,311.089,4.607
2023-05-09 18:00:00,57.043,2.587,11.155,261.157,326.769,31.243
2023-05-10 00:00:00,54.823,-1.03,4.796,237.934,309.864,10.623
2023-05-10 06:00:00,54.32,-5.041,-0.716,224.869,291.969,1.311
2023-05-10 12:00:00,54.3,-0.786,5.749,240.973,311.245,19.637
2023-05-10 18:00:00,51.679,1.328,10.683,306.281,321.594,43.201
2023-05-11 00:00:00,49.453,-0.04,2.827,295.42,315.154,2.081
2023-05-11 06:00:00,49.104,-1.228,0.746,274.8,309.496,0.618
2023-05-11 12:00:00,51.366,-0.195,0.49,314.253,314.734,0.515
2023-05-11 18:00:00,50.132,0.779,2.679,324.984,319.34,8.464
2023-05-12 00:00:00,48.948,0.051,3.275,314.851,315.856,3.207
2023-05-12 06:00:00,48.401,-0.134,3.629,278.487,314.475,7.403
2023-05-12 12:00:00,48.084,0.903,4.515,259.867,318.986,17.135
2023-05-12 18:00:00,40.265,2.243,7.621,294.326,325.66,23.69
2023-05-13 00:00:00,37.005,0.485,5.758,258.712,317.003,6.598
2023-05-13 06:00:00,36.466,-2.012,0.796,247.621,305.569,-0.424
2023-05-13 12:00:00,36.497,1.754,5.109,292.651,323.486,2.585
2023-05-13 18:00:00,33.337,2.023,7.048,322.33,325.088,3.298
2023-05-14 00:00:00,31.897,0.56,3.95,304.527,318.033,-0.503
2023-05-14 06:00:00,33.059,-0.249,2.203,297.06,314.23,-0.421
2023-05-14 12:00:00,31.824,3.175,6.423,285.992,330.076,4.257
2023-05-14 18:00:00,26.344,5.346,10.262,316.732,340.743,27.939
2023-05-15 00:00:00,23.654,1.446,4.925,288.571,321.907,1.446
2023-05-15 06:00:00,23.675,0.494,2.765,314.426,317.873,-2.659
2023-05-15 12:00:00,20.235,6.31,7.26,326.964,346.156,21.341
2023-05-15 18:00:00,13.6,13.43,11.23,346.797,382.124,236.603
2023-05-16 00:00:00,12.363,3.644,6.489,307.381,332.445,19.378
2023-05-16 06:00:00,10.272,-1.585,1.269,279.026,307.649,-2.532
2023-05-16 12:00:00,10.571,10.687,7.039,313.92,369.027,120.399
2023-05-16 18:00:00,11.771,26.656,14.066,350.826,455.692,492.544
2023-05-17 00:00:00,10.468,6.407,8.388,307.132,346.025,33.541
2023-05-17 06:00:00,8.66,-1.555,0.971,275.986,307.716,-2.668
2023-05-17 12:00:00,11.358,14.232,7.692,316.366,388.436,106.626
2023-05-17 18:00:00,8.767,24.065,13.897,354.415,441.452,264.865
2023-05-18 00:00:00,8.48,6.4,7.801,317.879,346.007,23.598
2023-05-18 06:00:00,9.179,1.325,3.021,305.736,321.413,-1.402
2023-05-18 12:00:00,8.801,12.0,7.039,337.623,375.055,120.614
2023-05-18 18:00:00,8.436,22.744,10.753,342.269,432.981,391.963
2023-05-19 00:00:00,8.551,6.335,7.768,311.524,345.47,9.594
2023-05-19 06:00:00,8.679,-0.798,1.556,281.952,311.247,-4.931
2023-05-19 12:00:00,8.39,11.011,5.961,323.622,370.647,47.994
2023-05-19 18:00:00,8.731,21.11,11.891,352.207,424.123,171.34
2023-05-20 00:00:00,8.724,7.177,6.866,335.918,349.873,10.23
2023-05-20 06:00:00,9.892,3.734,3.608,323.284,333.012,2.002
2023-05-20 12:00:00,8.784,14.262,7.208,329.318,387.513,73.623
2023-05-20 18:00:00,8.735,22.981,11.329,356.985,435.437,298.152
2023-05-21 00:00:00,8.926,5.128,5.298,309.503,339.739,7.623
2023-05-21 06:00:00,8.964,-0.424,0.542,289.008,313.076,-2.569
2023-05-21 12:00:00,9.073,13.293,7.005,326.285,382.73,72.941
2023-05-21 18:00:00,8.855,19.278,12.134,363.323,413.827,108.481
2023-05-22 00:00:00,8.691,4.839,5.634,282.533,337.408,0.18
2023-05-22 06:00:00,8.488,0.51,1.509,269.733,316.798,-1.993
2023-05-22 12:00:00,9.095,14.851,7.702,273.64,390.049,95.308
2023-05-22 18:00:00,8.911,17.325,10.832,323.832,403.823,138.336
2023-05-23 00:00:00,7.914,3.046,3.366,277.091,328.707,2.786
2023-05-23 06:00:00,7.923,-1.18,0.26,273.484,309.319,-2.883
2023-05-23 12:00:00,8.553,11.931,5.903,282.921,375.189,55.441
2023-05-23 18:00:00,8.449,20.887,13.579,310.084,421.634,108.421
2023-05-24 00:00:00,8.132,7.715,8.374,296.314,351.779,7.135
2023-05-24 06:00:00,7.296,0.646,1.889,256.815,317.098,-3.644
2023-05-24 12:00:00,8.494,10.435,5.782,294.214,366.935,43.611
2023-05-24 18:00:00,8.017,14.9,9.476,308.512,389.745,66.118
2023-05-25 00:00:00,8.646,4.688,5.034,261.958,336.302,1.73
2023-05-25 06:00:00,8.062,-1.123,0.347,235.295,308.614,-3.185
2023-05-25 12:00:00,8.489,13.795,8.167,261.919,384.726,76.034
2023-05-25 18:00:00,9.206,24.3,14.577,317.456,442.091,158.656
2023-05-26 00:00:00,8.01,7.045,7.777,277.618,348.287,10.355
2023-05-26 06:00:00,8.701,-0.102,1.748,246.63,313.457,-4.552
2023-05-26 12:00:00,9.385,15.628,9.328,275.212,394.378,73.195
2023-05-26 18:00:00,9.628,20.729,14.496,320.578,421.237,94.949
2023-05-27 00:00:00,8.628,7.043,7.937,264.526,348.446,5.136
2023-05-27 06:00:00,8.581,-0.721,1.153,239.992,310.528,-5.404
2023-05-27 12:00:00,9.785,11.858,7.762,270.012,373.274,53.597
2023-05-27 18:00:00,9.608,25.504,13.833,287.71,447.718,139.272
2023-05-28 00:00:00,8.638,6.321,7.482,252.683,344.504,4.286
2023-05-28 06:00:00,9.309,-2.335,0.52,228.278,303.087,-3.738
2023-05-28 12:00:00,9.346,12.709,7.122,258.214,378.147,35.768
2023-05-28 18:00:00,9.554,28.211,14.312,286.127,463.821,142.109
2023-05-29 00:00:00,8.697,7.462,8.405,251.687,350.082,-2.012
2023-05-29 06:00:00,8.772,-1.027,1.587,238.354,309.14,-4.275
2023-05-29 12:00:00,9.911,16.089,8.942,255.347,397.055,55.958
2023-05-29 18:00:00,10.123,32.055,16.306,275.276,486.94,153.555
2023-05-30 00:00:00,8.633,8.746,10.003,260.363,356.583,-2.799
2023-05-30 06:00:00,8.551,-1.099,1.855,231.888,308.644,-5.115
2023-05-30 12:00:00,10.337,15.984,9.491,264.625,396.403,45.663
2023-05-30 18:00:00,10.207,27.135,15.062,302.883,458.079,95.348
2023-05-31 00:00:00,10.612,7.92,8.898,260.654,352.586,-1.835
2023-05-31 06:00:00,11.036,0.304,2.555,256.08,315.551,-4.243
2023-05-31 12:00:00,10.128,14.639,9.441,292.886,388.682,27.428
2023-05-31 18:00:00,10.095,16.574,11.492,332.706,399.352,50.434
